ID,Latitude,Longitude,Date,MODIS_Tile,MOD17A3HGF_061_Line_Y_500m,MOD17A3HGF_061_Sample_X_500m,MOD17A3HGF_061_Npp_500m,MOD17A3HGF_061_Npp_QC_500m,MOD17A3HGF_061_Npp_QC_500m_bitmask,MOD17A3HGF_061_Npp_QC_500m_ContinuousLayer,MOD17A3HGF_061_Npp_QC_500m_ContinuousLayer_Description
ABBY,45.76243,-122.33033,2003-01-01,h09v04,1017.0,1117.0,0.6349,39.0,0b00100111,0b0,Continuous
ABBY,45.76243,-122.33033,2004-01-01,h09v04,1017.0,1117.0,0.7707,54.0,0b00110110,0b0,Continuous
ABBY,45.76243,-122.33033,2005-01-01,h09v04,1017.0,1117.0,0.8009,30.0,0b00011110,0b0,Continuous
ABBY,45.76243,-122.33033,2006-01-01,h09v04,1017.0,1117.0,0.7061,29.0,0b00011101,0b0,Continuous
ABBY,45.76243,-122.33033,2007-01-01,h09v04,1017.0,1117.0,0.7376,22.0,0b00010110,0b0,Continuous
ABBY,45.76243,-122.33033,2008-01-01,h09v04,1017.0,1117.0,0.6805,34.0,0b00100010,0b0,Continuous
ABBY,45.76243,-122.33033,2009-01-01,h09v04,1017.0,1117.0,0.6589,27.0,0b00011011,0b0,Continuous
ABBY,45.76243,-122.33033,2010-01-01,h09v04,1017.0,1117.0,0.8014,31.0,0b00011111,0b0,Continuous
ABBY,45.76243,-122.33033,2011-01-01,h09v04,1017.0,1117.0,0.6733,48.0,0b00110000,0b0,Continuous
ABBY,45.76243,-122.33033,2012-01-01,h09v04,1017.0,1117.0,0.7478,35.0,0b00100011,0b0,Continuous
ABBY,45.76243,-122.33033,2013-01-01,h09v04,1017.0,1117.0,0.827,35.0,0b00100011,0b0,Continuous
ABBY,45.76243,-122.33033,2014-01-01,h09v04,1017.0,1117.0,0.7866,23.0,0b00010111,0b0,Continuous
ABBY,45.76243,-122.33033,2015-01-01,h09v04,1017.0,1117.0,0.7893,31.0,0b00011111,0b0,Continuous
ABBY,45.76243,-122.33033,2016-01-01,h09v04,1017.0,1117.0,0.8415,44.0,0b00101100,0b0,Continuous
ABBY,45.76243,-122.33033,2017-01-01,h09v04,1017.0,1117.0,0.6792,38.0,0b00100110,0b0,Continuous
ABBY,45.76243,-122.33033,2018-01-01,h09v04,1017.0,1117.0,0.7377,32.0,0b00100000,0b0,Continuous
ABBY,45.76243,-122.33033,2019-01-01,h09v04,1017.0,1117.0,0.786,43.0,0b00101011,0b0,Continuous
ABBY,45.76243,-122.33033,2020-01-01,h09v04,1017.0,1117.0,0.7724,44.0,0b00101100,0b0,Continuous
ABBY,45.76243,-122.33033,2021-01-01,h09v04,1017.0,1117.0,0.7054,43.0,0b00101011,0b0,Continuous
ABBY,45.76243,-122.33033,2022-01-01,h09v04,1017.0,1117.0,0.7115,72.0,0b01001000,0b0,Continuous
ABBY,45.76243,-122.33033,2023-01-01,h09v04,1017.0,1117.0,0.7222,65.0,0b01000001,0b0,Continuous
BARR,71.28241,-156.61936,2003-01-01,h12v01,2092.0,2337.0,0.0599,61.0,0b00111101,0b0,Continuous
BARR,71.28241,-156.61936,2004-01-01,h12v01,2092.0,2337.0,0.0746,50.0,0b00110010,0b0,Continuous
BARR,71.28241,-156.61936,2005-01-01,h12v01,2092.0,2337.0,0.0835,49.0,0b00110001,0b0,Continuous
BARR,71.28241,-156.61936,2006-01-01,h12v01,2092.0,2337.0,0.0518,57.0,0b00111001,0b0,Continuous
BARR,71.28241,-156.61936,2007-01-01,h12v01,2092.0,2337.0,0.1174,51.0,0b00110011,0b0,Continuous
BARR,71.28241,-156.61936,2008-01-01,h12v01,2092.0,2337.0,0.0581,58.0,0b00111010,0b0,Continuous
BARR,71.28241,-156.61936,2009-01-01,h12v01,2092.0,2337.0,0.0787,82.0,0b01010010,0b0,Continuous
BARR,71.28241,-156.61936,2010-01-01,h12v01,2092.0,2337.0,0.0678,64.0,0b01000000,0b0,Continuous
BARR,71.28241,-156.61936,2011-01-01,h12v01,2092.0,2337.0,0.0815,68.0,0b01000100,0b0,Continuous
BARR,71.28241,-156.61936,2012-01-01,h12v01,2092.0,2337.0,0.0867,55.0,0b00110111,0b0,Continuous
BARR,71.28241,-156.61936,2013-01-01,h12v01,2092.0,2337.0,0.0568,59.0,0b00111011,0b0,Continuous
BARR,71.28241,-156.61936,2014-01-01,h12v01,2092.0,2337.0,0.0566,67.0,0b01000011,0b0,Continuous
BARR,71.28241,-156.61936,2015-01-01,h12v01,2092.0,2337.0,0.0915,57.0,0b00111001,0b0,Continuous
BARR,71.28241,-156.61936,2016-01-01,h12v01,2092.0,2337.0,0.0868,64.0,0b01000000,0b0,Continuous
BARR,71.28241,-156.61936,2017-01-01,h12v01,2092.0,2337.0,0.0874,80.0,0b01010000,0b0,Continuous
BARR,71.28241,-156.61936,2018-01-01,h12v01,2092.0,2337.0,0.0466,70.0,0b01000110,0b0,Continuous
BARR,71.28241,-156.61936,2019-01-01,h12v01,2092.0,2337.0,0.1058,61.0,0b00111101,0b0,Continuous
BARR,71.28241,-156.61936,2020-01-01,h12v01,2092.0,2337.0,0.0668,65.0,0b01000001,0b0,Continuous
BARR,71.28241,-156.61936,2021-01-01,h12v01,2092.0,2337.0,0.049,69.0,0b01000101,0b0,Continuous
BARR,71.28241,-156.61936,2022-01-01,h12v01,2092.0,2337.0,0.0736,71.0,0b01000111,0b0,Continuous
BARR,71.28241,-156.61936,2023-01-01,h12v01,2092.0,2337.0,0.083,52.0,0b00110100,0b0,Continuous
BART,44.06388,-71.28731,2003-01-01,h12v04,1424.0,2106.0,0.672,33.0,0b00100001,0b0,Continuous
BART,44.06388,-71.28731,2004-01-01,h12v04,1424.0,2106.0,0.7866,16.0,0b00010000,0b0,Continuous
BART,44.06388,-71.28731,2005-01-01,h12v04,1424.0,2106.0,0.6948,31.0,0b00011111,0b0,Continuous
BART,44.06388,-71.28731,2006-01-01,h12v04,1424.0,2106.0,0.6939,22.0,0b00010110,0b0,Continuous
BART,44.06388,-71.28731,2007-01-01,h12v04,1424.0,2106.0,0.7718,24.0,0b00011000,0b0,Continuous
BART,44.06388,-71.28731,2008-01-01,h12v04,1424.0,2106.0,0.7289,40.0,0b00101000,0b0,Continuous
BART,44.06388,-71.28731,2009-01-01,h12v04,1424.0,2106.0,0.7509,31.0,0b00011111,0b0,Continuous
BART,44.06388,-71.28731,2010-01-01,h12v04,1424.0,2106.0,0.8042,29.0,0b00011101,0b0,Continuous
BART,44.06388,-71.28731,2011-01-01,h12v04,1424.0,2106.0,0.6854,34.0,0b00100010,0b0,Continuous
BART,44.06388,-71.28731,2012-01-01,h12v04,1424.0,2106.0,0.8015,33.0,0b00100001,0b0,Continuous
BART,44.06388,-71.28731,2013-01-01,h12v04,1424.0,2106.0,0.7362,33.0,0b00100001,0b0,Continuous
BART,44.06388,-71.28731,2014-01-01,h12v04,1424.0,2106.0,0.7275,31.0,0b00011111,0b0,Continuous
BART,44.06388,-71.28731,2015-01-01,h12v04,1424.0,2106.0,0.7873,24.0,0b00011000,0b0,Continuous
BART,44.06388,-71.28731,2016-01-01,h12v04,1424.0,2106.0,0.744,16.0,0b00010000,0b0,Continuous
BART,44.06388,-71.28731,2017-01-01,h12v04,1424.0,2106.0,0.7576,20.0,0b00010100,0b0,Continuous
BART,44.06388,-71.28731,2018-01-01,h12v04,1424.0,2106.0,0.6731,23.0,0b00010111,0b0,Continuous
BART,44.06388,-71.28731,2019-01-01,h12v04,1424.0,2106.0,0.6874,23.0,0b00010111,0b0,Continuous
BART,44.06388,-71.28731,2020-01-01,h12v04,1424.0,2106.0,0.7143,37.0,0b00100101,0b0,Continuous
BART,44.06388,-71.28731,2021-01-01,h12v04,1424.0,2106.0,0.7221,39.0,0b00100111,0b0,Continuous
BART,44.06388,-71.28731,2022-01-01,h12v04,1424.0,2106.0,0.7888,31.0,0b00011111,0b0,Continuous
BART,44.06388,-71.28731,2023-01-01,h12v04,1424.0,2106.0,0.6879,33.0,0b00100001,0b0,Continuous
BLAN,39.06026,-78.07164,2003-01-01,h11v05,225.0,2250.0,0.6997,30.0,0b00011110,0b0,Continuous
BLAN,39.06026,-78.07164,2004-01-01,h11v05,225.0,2250.0,0.6694,34.0,0b00100010,0b0,Continuous
BLAN,39.06026,-78.07164,2005-01-01,h11v05,225.0,2250.0,0.5444,36.0,0b00100100,0b0,Continuous
BLAN,39.06026,-78.07164,2006-01-01,h11v05,225.0,2250.0,0.689,24.0,0b00011000,0b0,Continuous
BLAN,39.06026,-78.07164,2007-01-01,h11v05,225.0,2250.0,0.5907,32.0,0b00100000,0b0,Continuous
BLAN,39.06026,-78.07164,2008-01-01,h11v05,225.0,2250.0,0.6677,15.0,0b00001111,0b0,Continuous
BLAN,39.06026,-78.07164,2009-01-01,h11v05,225.0,2250.0,0.6318,32.0,0b00100000,0b0,Continuous
BLAN,39.06026,-78.07164,2010-01-01,h11v05,225.0,2250.0,0.6024,25.0,0b00011001,0b0,Continuous
BLAN,39.06026,-78.07164,2011-01-01,h11v05,225.0,2250.0,0.5992,22.0,0b00010110,0b0,Continuous
BLAN,39.06026,-78.07164,2012-01-01,h11v05,225.0,2250.0,0.601,11.0,0b00001011,0b0,Continuous
BLAN,39.06026,-78.07164,2013-01-01,h11v05,225.0,2250.0,0.6531,35.0,0b00100011,0b0,Continuous
BLAN,39.06026,-78.07164,2014-01-01,h11v05,225.0,2250.0,0.6557,35.0,0b00100011,0b0,Continuous
BLAN,39.06026,-78.07164,2015-01-01,h11v05,225.0,2250.0,0.6009,31.0,0b00011111,0b0,Continuous
BLAN,39.06026,-78.07164,2016-01-01,h11v05,225.0,2250.0,0.6446,16.0,0b00010000,0b0,Continuous
BLAN,39.06026,-78.07164,2017-01-01,h11v05,225.0,2250.0,0.735,22.0,0b00010110,0b0,Continuous
BLAN,39.06026,-78.07164,2018-01-01,h11v05,225.0,2250.0,0.6363,31.0,0b00011111,0b0,Continuous
BLAN,39.06026,-78.07164,2019-01-01,h11v05,225.0,2250.0,0.6372,24.0,0b00011000,0b0,Continuous
BLAN,39.06026,-78.07164,2020-01-01,h11v05,225.0,2250.0,0.6394,29.0,0b00011101,0b0,Continuous
BLAN,39.06026,-78.07164,2021-01-01,h11v05,225.0,2250.0,0.6482,18.0,0b00010010,0b0,Continuous
BLAN,39.06026,-78.07164,2022-01-01,h11v05,225.0,2250.0,0.6846,26.0,0b00011010,0b0,Continuous
BLAN,39.06026,-78.07164,2023-01-01,h11v05,225.0,2250.0,0.74,18.0,0b00010010,0b0,Continuous
BONA,65.15401,-147.50258,2003-01-01,h11v02,1163.0,1925.0,0.4113,39.0,0b00100111,0b0,Continuous
BONA,65.15401,-147.50258,2004-01-01,h11v02,1163.0,1925.0,0.4028,39.0,0b00100111,0b0,Continuous
BONA,65.15401,-147.50258,2005-01-01,h11v02,1163.0,1925.0,0.4344,31.0,0b00011111,0b0,Continuous
BONA,65.15401,-147.50258,2006-01-01,h11v02,1163.0,1925.0,0.3877,41.0,0b00101001,0b0,Continuous
BONA,65.15401,-147.50258,2007-01-01,h11v02,1163.0,1925.0,0.5268,13.0,0b00001101,0b0,Continuous
BONA,65.15401,-147.50258,2008-01-01,h11v02,1163.0,1925.0,0.4236,45.0,0b00101101,0b0,Continuous
BONA,65.15401,-147.50258,2009-01-01,h11v02,1163.0,1925.0,0.4639,32.0,0b00100000,0b0,Continuous
BONA,65.15401,-147.50258,2010-01-01,h11v02,1163.0,1925.0,0.5009,36.0,0b00100100,0b0,Continuous
BONA,65.15401,-147.50258,2011-01-01,h11v02,1163.0,1925.0,0.407,42.0,0b00101010,0b0,Continuous
BONA,65.15401,-147.50258,2012-01-01,h11v02,1163.0,1925.0,0.4203,20.0,0b00010100,0b0,Continuous
BONA,65.15401,-147.50258,2013-01-01,h11v02,1163.0,1925.0,0.4691,36.0,0b00100100,0b0,Continuous
BONA,65.15401,-147.50258,2014-01-01,h11v02,1163.0,1925.0,0.4111,22.0,0b00010110,0b0,Continuous
BONA,65.15401,-147.50258,2015-01-01,h11v02,1163.0,1925.0,0.4735,41.0,0b00101001,0b0,Continuous
BONA,65.15401,-147.50258,2016-01-01,h11v02,1163.0,1925.0,0.4725,24.0,0b00011000,0b0,Continuous
BONA,65.15401,-147.50258,2017-01-01,h11v02,1163.0,1925.0,0.5068,25.0,0b00011001,0b0,Continuous
BONA,65.15401,-147.50258,2018-01-01,h11v02,1163.0,1925.0,0.4159,47.0,0b00101111,0b0,Continuous
BONA,65.15401,-147.50258,2020-01-01,h11v02,1163.0,1925.0,0.4622,29.0,0b00011101,0b0,Continuous
BONA,65.15401,-147.50258,2021-01-01,h11v02,1163.0,1925.0,0.4677,20.0,0b00010100,0b0,Continuous
BONA,65.15401,-147.50258,2022-01-01,h11v02,1163.0,1925.0,0.4159,51.0,0b00110011,0b0,Continuous
BONA,65.15401,-147.50258,2023-01-01,h11v02,1163.0,1925.0,0.4406,30.0,0b00011110,0b0,Continuous
CLBJ,33.40123,-97.57,2003-01-01,h09v05,1583.0,2050.0,0.3449,11.0,0b00001011,0b0,Continuous
CLBJ,33.40123,-97.57,2004-01-01,h09v05,1583.0,2050.0,0.5982,17.0,0b00010001,0b0,Continuous
CLBJ,33.40123,-97.57,2005-01-01,h09v05,1583.0,2050.0,0.2541,17.0,0b00010001,0b0,Continuous
CLBJ,33.40123,-97.57,2006-01-01,h09v05,1583.0,2050.0,0.3249,7.0,0b00000111,0b0,Continuous
CLBJ,33.40123,-97.57,2007-01-01,h09v05,1583.0,2050.0,0.6861,21.0,0b00010101,0b0,Continuous
CLBJ,33.40123,-97.57,2008-01-01,h09v05,1583.0,2050.0,0.3978,17.0,0b00010001,0b0,Continuous
CLBJ,33.40123,-97.57,2009-01-01,h09v05,1583.0,2050.0,0.3165,16.0,0b00010000,0b0,Continuous
CLBJ,33.40123,-97.57,2010-01-01,h09v05,1583.0,2050.0,0.4029,17.0,0b00010001,0b0,Continuous
CLBJ,33.40123,-97.57,2011-01-01,h09v05,1583.0,2050.0,0.1366,5.0,0b00000101,0b0,Continuous
CLBJ,33.40123,-97.57,2012-01-01,h09v05,1583.0,2050.0,0.3617,3.0,0b00000011,0b0,Continuous
CLBJ,33.40123,-97.57,2013-01-01,h09v05,1583.0,2050.0,0.376,3.0,0b00000011,0b0,Continuous
CLBJ,33.40123,-97.57,2014-01-01,h09v05,1583.0,2050.0,0.4203,22.0,0b00010110,0b0,Continuous
CLBJ,33.40123,-97.57,2015-01-01,h09v05,1583.0,2050.0,0.507,11.0,0b00001011,0b0,Continuous
CLBJ,33.40123,-97.57,2016-01-01,h09v05,1583.0,2050.0,0.636,15.0,0b00001111,0b0,Continuous
CLBJ,33.40123,-97.57,2017-01-01,h09v05,1583.0,2050.0,0.6207,14.0,0b00001110,0b0,Continuous
CLBJ,33.40123,-97.57,2018-01-01,h09v05,1583.0,2050.0,0.4202,15.0,0b00001111,0b0,Continuous
CLBJ,33.40123,-97.57,2019-01-01,h09v05,1583.0,2050.0,0.5785,11.0,0b00001011,0b0,Continuous
CLBJ,33.40123,-97.57,2020-01-01,h09v05,1583.0,2050.0,0.5443,13.0,0b00001101,0b0,Continuous
CLBJ,33.40123,-97.57,2021-01-01,h09v05,1583.0,2050.0,0.6813,19.0,0b00010011,0b0,Continuous
CLBJ,33.40123,-97.57,2022-01-01,h09v05,1583.0,2050.0,0.3021,19.0,0b00010011,0b0,Continuous
CLBJ,33.40123,-97.57,2023-01-01,h09v05,1583.0,2050.0,0.4782,11.0,0b00001011,0b0,Continuous
CPER,40.81553,-104.7456,2003-01-01,h10v04,2204.0,174.0,0.2242,32.0,0b00100000,0b0,Continuous
CPER,40.81553,-104.7456,2004-01-01,h10v04,2204.0,174.0,0.193,22.0,0b00010110,0b0,Continuous
CPER,40.81553,-104.7456,2005-01-01,h10v04,2204.0,174.0,0.2594,16.0,0b00010000,0b0,Continuous
CPER,40.81553,-104.7456,2006-01-01,h10v04,2204.0,174.0,0.2183,14.0,0b00001110,0b0,Continuous
CPER,40.81553,-104.7456,2007-01-01,h10v04,2204.0,174.0,0.2582,24.0,0b00011000,0b0,Continuous
CPER,40.81553,-104.7456,2008-01-01,h10v04,2204.0,174.0,0.1935,16.0,0b00010000,0b0,Continuous
CPER,40.81553,-104.7456,2009-01-01,h10v04,2204.0,174.0,0.2737,20.0,0b00010100,0b0,Continuous
CPER,40.81553,-104.7456,2010-01-01,h10v04,2204.0,174.0,0.2331,28.0,0b00011100,0b0,Continuous
CPER,40.81553,-104.7456,2011-01-01,h10v04,2204.0,174.0,0.1871,22.0,0b00010110,0b0,Continuous
CPER,40.81553,-104.7456,2012-01-01,h10v04,2204.0,174.0,0.1358,20.0,0b00010100,0b0,Continuous
CPER,40.81553,-104.7456,2013-01-01,h10v04,2204.0,174.0,0.1999,21.0,0b00010101,0b0,Continuous
CPER,40.81553,-104.7456,2014-01-01,h10v04,2204.0,174.0,0.3189,11.0,0b00001011,0b0,Continuous
CPER,40.81553,-104.7456,2015-01-01,h10v04,2204.0,174.0,0.2862,17.0,0b00010001,0b0,Continuous
CPER,40.81553,-104.7456,2016-01-01,h10v04,2204.0,174.0,0.2174,21.0,0b00010101,0b0,Continuous
CPER,40.81553,-104.7456,2017-01-01,h10v04,2204.0,174.0,0.274,24.0,0b00011000,0b0,Continuous
CPER,40.81553,-104.7456,2018-01-01,h10v04,2204.0,174.0,0.2037,14.0,0b00001110,0b0,Continuous
CPER,40.81553,-104.7456,2019-01-01,h10v04,2204.0,174.0,0.2538,18.0,0b00010010,0b0,Continuous
CPER,40.81553,-104.7456,2020-01-01,h10v04,2204.0,174.0,0.1742,19.0,0b00010011,0b0,Continuous
CPER,40.81553,-104.7456,2021-01-01,h10v04,2204.0,174.0,0.2666,9.0,0b00001001,0b0,Continuous
CPER,40.81553,-104.7456,2022-01-01,h10v04,2204.0,174.0,0.1478,22.0,0b00010110,0b0,Continuous
CPER,40.81553,-104.7456,2023-01-01,h10v04,2204.0,174.0,0.3557,7.0,0b00000111,0b0,Continuous
DCFS,47.16165,-99.10656,2003-01-01,h11v04,681.0,627.0,0.4614,20.0,0b00010100,0b0,Continuous
DCFS,47.16165,-99.10656,2004-01-01,h11v04,681.0,627.0,0.5554,24.0,0b00011000,0b0,Continuous
DCFS,47.16165,-99.10656,2005-01-01,h11v04,681.0,627.0,0.5782,23.0,0b00010111,0b0,Continuous
DCFS,47.16165,-99.10656,2006-01-01,h11v04,681.0,627.0,0.5095,29.0,0b00011101,0b0,Continuous
DCFS,47.16165,-99.10656,2007-01-01,h11v04,681.0,627.0,0.5523,18.0,0b00010010,0b0,Continuous
DCFS,47.16165,-99.10656,2008-01-01,h11v04,681.0,627.0,0.4739,18.0,0b00010010,0b0,Continuous
DCFS,47.16165,-99.10656,2009-01-01,h11v04,681.0,627.0,0.5323,26.0,0b00011010,0b0,Continuous
DCFS,47.16165,-99.10656,2010-01-01,h11v04,681.0,627.0,0.5727,19.0,0b00010011,0b0,Continuous
DCFS,47.16165,-99.10656,2011-01-01,h11v04,681.0,627.0,0.5711,24.0,0b00011000,0b0,Continuous
DCFS,47.16165,-99.10656,2012-01-01,h11v04,681.0,627.0,0.4614,20.0,0b00010100,0b0,Continuous
DCFS,47.16165,-99.10656,2013-01-01,h11v04,681.0,627.0,0.4483,17.0,0b00010001,0b0,Continuous
DCFS,47.16165,-99.10656,2014-01-01,h11v04,681.0,627.0,0.5508,16.0,0b00010000,0b0,Continuous
DCFS,47.16165,-99.10656,2015-01-01,h11v04,681.0,627.0,0.4946,24.0,0b00011000,0b0,Continuous
DCFS,47.16165,-99.10656,2016-01-01,h11v04,681.0,627.0,0.5856,15.0,0b00001111,0b0,Continuous
DCFS,47.16165,-99.10656,2017-01-01,h11v04,681.0,627.0,0.5146,27.0,0b00011011,0b0,Continuous
DCFS,47.16165,-99.10656,2018-01-01,h11v04,681.0,627.0,0.4463,33.0,0b00100001,0b0,Continuous
DCFS,47.16165,-99.10656,2019-01-01,h11v04,681.0,627.0,0.5014,26.0,0b00011010,0b0,Continuous
DCFS,47.16165,-99.10656,2020-01-01,h11v04,681.0,627.0,0.538,23.0,0b00010111,0b0,Continuous
DCFS,47.16165,-99.10656,2021-01-01,h11v04,681.0,627.0,0.3442,15.0,0b00001111,0b0,Continuous
DCFS,47.16165,-99.10656,2022-01-01,h11v04,681.0,627.0,0.5242,23.0,0b00010111,0b0,Continuous
DCFS,47.16165,-99.10656,2023-01-01,h11v04,681.0,627.0,0.455,36.0,0b00100100,0b0,Continuous
DEJU,63.88112,-145.75136,2003-01-01,h11v02,1468.0,1400.0,0.3757,35.0,0b00100011,0b0,Continuous
DEJU,63.88112,-145.75136,2004-01-01,h11v02,1468.0,1400.0,0.369,27.0,0b00011011,0b0,Continuous
DEJU,63.88112,-145.75136,2005-01-01,h11v02,1468.0,1400.0,0.3812,27.0,0b00011011,0b0,Continuous
DEJU,63.88112,-145.75136,2006-01-01,h11v02,1468.0,1400.0,0.3472,23.0,0b00010111,0b0,Continuous
DEJU,63.88112,-145.75136,2007-01-01,h11v02,1468.0,1400.0,0.4118,30.0,0b00011110,0b0,Continuous
DEJU,63.88112,-145.75136,2008-01-01,h11v02,1468.0,1400.0,0.3602,25.0,0b00011001,0b0,Continuous
DEJU,63.88112,-145.75136,2009-01-01,h11v02,1468.0,1400.0,0.3704,29.0,0b00011101,0b0,Continuous
DEJU,63.88112,-145.75136,2010-01-01,h11v02,1468.0,1400.0,0.4167,29.0,0b00011101,0b0,Continuous
DEJU,63.88112,-145.75136,2011-01-01,h11v02,1468.0,1400.0,0.3741,30.0,0b00011110,0b0,Continuous
DEJU,63.88112,-145.75136,2012-01-01,h11v02,1468.0,1400.0,0.3978,27.0,0b00011011,0b0,Continuous
DEJU,63.88112,-145.75136,2013-01-01,h11v02,1468.0,1400.0,0.356,31.0,0b00011111,0b0,Continuous
DEJU,63.88112,-145.75136,2014-01-01,h11v02,1468.0,1400.0,0.39,31.0,0b00011111,0b0,Continuous
DEJU,63.88112,-145.75136,2015-01-01,h11v02,1468.0,1400.0,0.3772,32.0,0b00100000,0b0,Continuous
DEJU,63.88112,-145.75136,2016-01-01,h11v02,1468.0,1400.0,0.3708,36.0,0b00100100,0b0,Continuous
DEJU,63.88112,-145.75136,2017-01-01,h11v02,1468.0,1400.0,0.3682,38.0,0b00100110,0b0,Continuous
DEJU,63.88112,-145.75136,2018-01-01,h11v02,1468.0,1400.0,0.3656,25.0,0b00011001,0b0,Continuous
DEJU,63.88112,-145.75136,2020-01-01,h11v02,1468.0,1400.0,0.3794,35.0,0b00100011,0b0,Continuous
DEJU,63.88112,-145.75136,2021-01-01,h11v02,1468.0,1400.0,0.3902,25.0,0b00011001,0b0,Continuous
DEJU,63.88112,-145.75136,2022-01-01,h11v02,1468.0,1400.0,0.3446,44.0,0b00101100,0b0,Continuous
DEJU,63.88112,-145.75136,2023-01-01,h11v02,1468.0,1400.0,0.3202,36.0,0b00100100,0b0,Continuous
DELA,32.54172,-87.80389,2003-01-01,h10v05,1789.0,1435.0,0.6053,16.0,0b00010000,0b0,Continuous
DELA,32.54172,-87.80389,2004-01-01,h10v05,1789.0,1435.0,0.5149,14.0,0b00001110,0b0,Continuous
DELA,32.54172,-87.80389,2005-01-01,h10v05,1789.0,1435.0,0.5369,7.0,0b00000111,0b0,Continuous
DELA,32.54172,-87.80389,2006-01-01,h10v05,1789.0,1435.0,0.0477,6.0,0b00000110,0b0,Continuous
DELA,32.54172,-87.80389,2007-01-01,h10v05,1789.0,1435.0,0.105,19.0,0b00010011,0b0,Continuous
DELA,32.54172,-87.80389,2008-01-01,h10v05,1789.0,1435.0,0.2987,11.0,0b00001011,0b0,Continuous
DELA,32.54172,-87.80389,2009-01-01,h10v05,1789.0,1435.0,0.4042,16.0,0b00010000,0b0,Continuous
DELA,32.54172,-87.80389,2010-01-01,h10v05,1789.0,1435.0,0.2126,4.0,0b00000100,0b0,Continuous
DELA,32.54172,-87.80389,2011-01-01,h10v05,1789.0,1435.0,0.0669,7.0,0b00000111,0b0,Continuous
DELA,32.54172,-87.80389,2012-01-01,h10v05,1789.0,1435.0,0.3048,7.0,0b00000111,0b0,Continuous
DELA,32.54172,-87.80389,2013-01-01,h10v05,1789.0,1435.0,0.526,27.0,0b00011011,0b0,Continuous
DELA,32.54172,-87.80389,2014-01-01,h10v05,1789.0,1435.0,0.4219,15.0,0b00001111,0b0,Continuous
DELA,32.54172,-87.80389,2015-01-01,h10v05,1789.0,1435.0,0.2202,13.0,0b00001101,0b0,Continuous
DELA,32.54172,-87.80389,2016-01-01,h10v05,1789.0,1435.0,0.0909,14.0,0b00001110,0b0,Continuous
DELA,32.54172,-87.80389,2017-01-01,h10v05,1789.0,1435.0,0.4784,9.0,0b00001001,0b0,Continuous
DELA,32.54172,-87.80389,2018-01-01,h10v05,1789.0,1435.0,0.3934,17.0,0b00010001,0b0,Continuous
DELA,32.54172,-87.80389,2020-01-01,h10v05,1789.0,1435.0,0.5168,9.0,0b00001001,0b0,Continuous
DELA,32.54172,-87.80389,2021-01-01,h10v05,1789.0,1435.0,0.6013,11.0,0b00001011,0b0,Continuous
DELA,32.54172,-87.80389,2022-01-01,h10v05,1789.0,1435.0,0.4814,13.0,0b00001101,0b0,Continuous
DELA,32.54172,-87.80389,2023-01-01,h10v05,1789.0,1435.0,0.4731,11.0,0b00001011,0b0,Continuous
DSNY,28.12504,-81.4362,2003-01-01,h10v06,449.0,1963.0,0.7647,22.0,0b00010110,0b0,Continuous
DSNY,28.12504,-81.4362,2004-01-01,h10v06,449.0,1963.0,0.7504,11.0,0b00001011,0b0,Continuous
DSNY,28.12504,-81.4362,2005-01-01,h10v06,449.0,1963.0,0.8272,16.0,0b00010000,0b0,Continuous
DSNY,28.12504,-81.4362,2006-01-01,h10v06,449.0,1963.0,0.7053,11.0,0b00001011,0b0,Continuous
DSNY,28.12504,-81.4362,2007-01-01,h10v06,449.0,1963.0,0.7343,7.0,0b00000111,0b0,Continuous
DSNY,28.12504,-81.4362,2008-01-01,h10v06,449.0,1963.0,0.8541,20.0,0b00010100,0b0,Continuous
DSNY,28.12504,-81.4362,2009-01-01,h10v06,449.0,1963.0,0.7144,20.0,0b00010100,0b0,Continuous
DSNY,28.12504,-81.4362,2010-01-01,h10v06,449.0,1963.0,0.6964,14.0,0b00001110,0b0,Continuous
DSNY,28.12504,-81.4362,2011-01-01,h10v06,449.0,1963.0,0.6891,14.0,0b00001110,0b0,Continuous
DSNY,28.12504,-81.4362,2012-01-01,h10v06,449.0,1963.0,0.7301,11.0,0b00001011,0b0,Continuous
DSNY,28.12504,-81.4362,2013-01-01,h10v06,449.0,1963.0,0.8145,9.0,0b00001001,0b0,Continuous
DSNY,28.12504,-81.4362,2014-01-01,h10v06,449.0,1963.0,0.7715,14.0,0b00001110,0b0,Continuous
DSNY,28.12504,-81.4362,2015-01-01,h10v06,449.0,1963.0,0.7524,17.0,0b00010001,0b0,Continuous
DSNY,28.12504,-81.4362,2016-01-01,h10v06,449.0,1963.0,0.8378,7.0,0b00000111,0b0,Continuous
DSNY,28.12504,-81.4362,2017-01-01,h10v06,449.0,1963.0,0.8398,11.0,0b00001011,0b0,Continuous
DSNY,28.12504,-81.4362,2018-01-01,h10v06,449.0,1963.0,0.7908,9.0,0b00001001,0b0,Continuous
DSNY,28.12504,-81.4362,2019-01-01,h10v06,449.0,1963.0,0.817,16.0,0b00010000,0b0,Continuous
DSNY,28.12504,-81.4362,2020-01-01,h10v06,449.0,1963.0,0.7521,20.0,0b00010100,0b0,Continuous
DSNY,28.12504,-81.4362,2021-01-01,h10v06,449.0,1963.0,0.8634,9.0,0b00001001,0b0,Continuous
DSNY,28.12504,-81.4362,2022-01-01,h10v06,449.0,1963.0,0.8764,18.0,0b00010010,0b0,Continuous
DSNY,28.12504,-81.4362,2023-01-01,h10v06,449.0,1963.0,0.9319,11.0,0b00001011,0b0,Continuous
GRSM,35.68896,-83.50195,2003-01-01,h11v05,1034.0,523.0,0.8372,23.0,0b00010111,0b0,Continuous
GRSM,35.68896,-83.50195,2004-01-01,h11v05,1034.0,523.0,0.7295,36.0,0b00100100,0b0,Continuous
GRSM,35.68896,-83.50195,2005-01-01,h11v05,1034.0,523.0,0.5979,27.0,0b00011011,0b0,Continuous
GRSM,35.68896,-83.50195,2006-01-01,h11v05,1034.0,523.0,0.5153,33.0,0b00100001,0b0,Continuous
GRSM,35.68896,-83.50195,2007-01-01,h11v05,1034.0,523.0,0.2736,23.0,0b00010111,0b0,Continuous
GRSM,35.68896,-83.50195,2008-01-01,h11v05,1034.0,523.0,0.5976,18.0,0b00010010,0b0,Continuous
GRSM,35.68896,-83.50195,2009-01-01,h11v05,1034.0,523.0,0.7233,40.0,0b00101000,0b0,Continuous
GRSM,35.68896,-83.50195,2010-01-01,h11v05,1034.0,523.0,0.5243,26.0,0b00011010,0b0,Continuous
GRSM,35.68896,-83.50195,2011-01-01,h11v05,1034.0,523.0,0.5031,16.0,0b00010000,0b0,Continuous
GRSM,35.68896,-83.50195,2012-01-01,h11v05,1034.0,523.0,0.5935,21.0,0b00010101,0b0,Continuous
GRSM,35.68896,-83.50195,2013-01-01,h11v05,1034.0,523.0,0.8019,27.0,0b00011011,0b0,Continuous
GRSM,35.68896,-83.50195,2014-01-01,h11v05,1034.0,523.0,0.704,25.0,0b00011001,0b0,Continuous
GRSM,35.68896,-83.50195,2015-01-01,h11v05,1034.0,523.0,0.6933,37.0,0b00100101,0b0,Continuous
GRSM,35.68896,-83.50195,2016-01-01,h11v05,1034.0,523.0,0.5186,27.0,0b00011011,0b0,Continuous
GRSM,35.68896,-83.50195,2017-01-01,h11v05,1034.0,523.0,0.6798,7.0,0b00000111,0b0,Continuous
GRSM,35.68896,-83.50195,2018-01-01,h11v05,1034.0,523.0,0.6332,22.0,0b00010110,0b0,Continuous
GRSM,35.68896,-83.50195,2019-01-01,h11v05,1034.0,523.0,0.6358,18.0,0b00010010,0b0,Continuous
GRSM,35.68896,-83.50195,2020-01-01,h11v05,1034.0,523.0,0.7194,29.0,0b00011101,0b0,Continuous
GRSM,35.68896,-83.50195,2021-01-01,h11v05,1034.0,523.0,0.7777,28.0,0b00011100,0b0,Continuous
GRSM,35.68896,-83.50195,2022-01-01,h11v05,1034.0,523.0,0.77,38.0,0b00100110,0b0,Continuous
GRSM,35.68896,-83.50195,2023-01-01,h11v05,1034.0,523.0,0.856,25.0,0b00011001,0b0,Continuous
GUAN,17.96955,-66.8687,2003-01-01,h11v07,487.0,1534.0,1.6258999,11.0,0b00001011,0b0,Continuous
GUAN,17.96955,-66.8687,2004-01-01,h11v07,487.0,1534.0,1.7138,5.0,0b00000101,0b0,Continuous
GUAN,17.96955,-66.8687,2005-01-01,h11v07,487.0,1534.0,1.4886,11.0,0b00001011,0b0,Continuous
GUAN,17.96955,-66.8687,2006-01-01,h11v07,487.0,1534.0,1.6323999,3.0,0b00000011,0b0,Continuous
GUAN,17.96955,-66.8687,2007-01-01,h11v07,487.0,1534.0,1.6019,7.0,0b00000111,0b0,Continuous
GUAN,17.96955,-66.8687,2008-01-01,h11v07,487.0,1534.0,1.6844,3.0,0b00000011,0b0,Continuous
GUAN,17.96955,-66.8687,2009-01-01,h11v07,487.0,1534.0,1.6593,3.0,0b00000011,0b0,Continuous
GUAN,17.96955,-66.8687,2010-01-01,h11v07,487.0,1534.0,1.5015,18.0,0b00010010,0b0,Continuous
GUAN,17.96955,-66.8687,2011-01-01,h11v07,487.0,1534.0,1.5381,14.0,0b00001110,0b0,Continuous
GUAN,17.96955,-66.8687,2012-01-01,h11v07,487.0,1534.0,1.5979999,0.0,0b00000000,0b0,Continuous
GUAN,17.96955,-66.8687,2013-01-01,h11v07,487.0,1534.0,1.5563999,9.0,0b00001001,0b0,Continuous
GUAN,17.96955,-66.8687,2014-01-01,h11v07,487.0,1534.0,1.6335,7.0,0b00000111,0b0,Continuous
GUAN,17.96955,-66.8687,2015-01-01,h11v07,487.0,1534.0,1.5913,9.0,0b00001001,0b0,Continuous
GUAN,17.96955,-66.8687,2016-01-01,h11v07,487.0,1534.0,1.5308,14.0,0b00001110,0b0,Continuous
GUAN,17.96955,-66.8687,2017-01-01,h11v07,487.0,1534.0,1.6372,3.0,0b00000011,0b0,Continuous
GUAN,17.96955,-66.8687,2018-01-01,h11v07,487.0,1534.0,1.7204,5.0,0b00000101,0b0,Continuous
GUAN,17.96955,-66.8687,2019-01-01,h11v07,487.0,1534.0,1.6564,3.0,0b00000011,0b0,Continuous
GUAN,17.96955,-66.8687,2020-01-01,h11v07,487.0,1534.0,1.6159999,3.0,0b00000011,0b0,Continuous
GUAN,17.96955,-66.8687,2021-01-01,h11v07,487.0,1534.0,1.6336,5.0,0b00000101,0b0,Continuous
GUAN,17.96955,-66.8687,2022-01-01,h11v07,487.0,1534.0,1.6468999,5.0,0b00000101,0b0,Continuous
GUAN,17.96955,-66.8687,2023-01-01,h11v07,487.0,1534.0,1.5546,11.0,0b00001011,0b0,Continuous
HARV,42.5369,-72.17266,2003-01-01,h12v04,1791.0,1636.0,0.6547,38.0,0b00100110,0b0,Continuous
HARV,42.5369,-72.17266,2004-01-01,h12v04,1791.0,1636.0,0.7506,32.0,0b00100000,0b0,Continuous
HARV,42.5369,-72.17266,2005-01-01,h12v04,1791.0,1636.0,0.6151,42.0,0b00101010,0b0,Continuous
HARV,42.5369,-72.17266,2006-01-01,h12v04,1791.0,1636.0,0.7081,25.0,0b00011001,0b0,Continuous
HARV,42.5369,-72.17266,2007-01-01,h12v04,1791.0,1636.0,0.6993,33.0,0b00100001,0b0,Continuous
HARV,42.5369,-72.17266,2008-01-01,h12v04,1791.0,1636.0,0.6651,27.0,0b00011011,0b0,Continuous
HARV,42.5369,-72.17266,2009-01-01,h12v04,1791.0,1636.0,0.7481,36.0,0b00100100,0b0,Continuous
HARV,42.5369,-72.17266,2010-01-01,h12v04,1791.0,1636.0,0.671,25.0,0b00011001,0b0,Continuous
HARV,42.5369,-72.17266,2011-01-01,h12v04,1791.0,1636.0,0.6848,25.0,0b00011001,0b0,Continuous
HARV,42.5369,-72.17266,2012-01-01,h12v04,1791.0,1636.0,0.7105,26.0,0b00011010,0b0,Continuous
HARV,42.5369,-72.17266,2013-01-01,h12v04,1791.0,1636.0,0.7218,31.0,0b00011111,0b0,Continuous
HARV,42.5369,-72.17266,2014-01-01,h12v04,1791.0,1636.0,0.6935,27.0,0b00011011,0b0,Continuous
HARV,42.5369,-72.17266,2015-01-01,h12v04,1791.0,1636.0,0.6593,32.0,0b00100000,0b0,Continuous
HARV,42.5369,-72.17266,2016-01-01,h12v04,1791.0,1636.0,0.5974,32.0,0b00100000,0b0,Continuous
HARV,42.5369,-72.17266,2017-01-01,h12v04,1791.0,1636.0,0.6958,36.0,0b00100100,0b0,Continuous
HARV,42.5369,-72.17266,2018-01-01,h12v04,1791.0,1636.0,0.6302,42.0,0b00101010,0b0,Continuous
HARV,42.5369,-72.17266,2019-01-01,h12v04,1791.0,1636.0,0.7225,20.0,0b00010100,0b0,Continuous
HARV,42.5369,-72.17266,2020-01-01,h12v04,1791.0,1636.0,0.619,28.0,0b00011100,0b0,Continuous
HARV,42.5369,-72.17266,2021-01-01,h12v04,1791.0,1636.0,0.7142,22.0,0b00010110,0b0,Continuous
HARV,42.5369,-72.17266,2022-01-01,h12v04,1791.0,1636.0,0.6682,34.0,0b00100010,0b0,Continuous
HARV,42.5369,-72.17266,2023-01-01,h12v04,1791.0,1636.0,0.7231,44.0,0b00101100,0b0,Continuous
HEAL,63.87569,-149.21334,2003-01-01,h11v02,1469.0,1031.0,0.2878,33.0,0b00100001,0b0,Continuous
HEAL,63.87569,-149.21334,2004-01-01,h11v02,1469.0,1031.0,0.2911,51.0,0b00110011,0b0,Continuous
HEAL,63.87569,-149.21334,2005-01-01,h11v02,1469.0,1031.0,0.329,43.0,0b00101011,0b0,Continuous
HEAL,63.87569,-149.21334,2006-01-01,h11v02,1469.0,1031.0,0.2634,50.0,0b00110010,0b0,Continuous
HEAL,63.87569,-149.21334,2007-01-01,h11v02,1469.0,1031.0,0.3473,38.0,0b00100110,0b0,Continuous
HEAL,63.87569,-149.21334,2008-01-01,h11v02,1469.0,1031.0,0.2808,39.0,0b00100111,0b0,Continuous
HEAL,63.87569,-149.21334,2009-01-01,h11v02,1469.0,1031.0,0.3258,37.0,0b00100101,0b0,Continuous
HEAL,63.87569,-149.21334,2010-01-01,h11v02,1469.0,1031.0,0.3228,43.0,0b00101011,0b0,Continuous
HEAL,63.87569,-149.21334,2011-01-01,h11v02,1469.0,1031.0,0.253,55.0,0b00110111,0b0,Continuous
HEAL,63.87569,-149.21334,2012-01-01,h11v02,1469.0,1031.0,0.2978,38.0,0b00100110,0b0,Continuous
HEAL,63.87569,-149.21334,2013-01-01,h11v02,1469.0,1031.0,0.3032,59.0,0b00111011,0b0,Continuous
HEAL,63.87569,-149.21334,2014-01-01,h11v02,1469.0,1031.0,0.292,37.0,0b00100101,0b0,Continuous
HEAL,63.87569,-149.21334,2015-01-01,h11v02,1469.0,1031.0,0.3154,46.0,0b00101110,0b0,Continuous
HEAL,63.87569,-149.21334,2016-01-01,h11v02,1469.0,1031.0,0.3012,49.0,0b00110001,0b0,Continuous
HEAL,63.87569,-149.21334,2017-01-01,h11v02,1469.0,1031.0,0.3187,41.0,0b00101001,0b0,Continuous
HEAL,63.87569,-149.21334,2018-01-01,h11v02,1469.0,1031.0,0.2883,48.0,0b00110000,0b0,Continuous
HEAL,63.87569,-149.21334,2020-01-01,h11v02,1469.0,1031.0,0.2815,39.0,0b00100111,0b0,Continuous
HEAL,63.87569,-149.21334,2021-01-01,h11v02,1469.0,1031.0,0.2857,50.0,0b00110010,0b0,Continuous
HEAL,63.87569,-149.21334,2022-01-01,h11v02,1469.0,1031.0,0.2687,45.0,0b00101101,0b0,Continuous
HEAL,63.87569,-149.21334,2023-01-01,h11v02,1469.0,1031.0,0.2634,44.0,0b00101100,0b0,Continuous
JERC,31.19484,-84.46861,2003-01-01,h10v05,2113.0,1858.0,0.9313,16.0,0b00010000,0b0,Continuous
JERC,31.19484,-84.46861,2004-01-01,h10v05,2113.0,1858.0,0.7105,9.0,0b00001001,0b0,Continuous
JERC,31.19484,-84.46861,2005-01-01,h10v05,2113.0,1858.0,0.8746,16.0,0b00010000,0b0,Continuous
JERC,31.19484,-84.46861,2006-01-01,h10v05,2113.0,1858.0,0.5349,16.0,0b00010000,0b0,Continuous
JERC,31.19484,-84.46861,2007-01-01,h10v05,2113.0,1858.0,0.5736,27.0,0b00011011,0b0,Continuous
JERC,31.19484,-84.46861,2008-01-01,h10v05,2113.0,1858.0,0.8029,17.0,0b00010001,0b0,Continuous
JERC,31.19484,-84.46861,2009-01-01,h10v05,2113.0,1858.0,0.8208,25.0,0b00011001,0b0,Continuous
JERC,31.19484,-84.46861,2010-01-01,h10v05,2113.0,1858.0,0.597,7.0,0b00000111,0b0,Continuous
JERC,31.19484,-84.46861,2011-01-01,h10v05,2113.0,1858.0,0.5883,7.0,0b00000111,0b0,Continuous
JERC,31.19484,-84.46861,2012-01-01,h10v05,2113.0,1858.0,0.8275,11.0,0b00001011,0b0,Continuous
JERC,31.19484,-84.46861,2013-01-01,h10v05,2113.0,1858.0,0.9245,14.0,0b00001110,0b0,Continuous
JERC,31.19484,-84.46861,2014-01-01,h10v05,2113.0,1858.0,0.7592,19.0,0b00010011,0b0,Continuous
JERC,31.19484,-84.46861,2015-01-01,h10v05,2113.0,1858.0,0.5924,9.0,0b00001001,0b0,Continuous
JERC,31.19484,-84.46861,2016-01-01,h10v05,2113.0,1858.0,0.6798,11.0,0b00001011,0b0,Continuous
JERC,31.19484,-84.46861,2017-01-01,h10v05,2113.0,1858.0,0.7765,11.0,0b00001011,0b0,Continuous
JERC,31.19484,-84.46861,2018-01-01,h10v05,2113.0,1858.0,0.758,15.0,0b00001111,0b0,Continuous
JERC,31.19484,-84.46861,2020-01-01,h10v05,2113.0,1858.0,0.8397,18.0,0b00010010,0b0,Continuous
JERC,31.19484,-84.46861,2021-01-01,h10v05,2113.0,1858.0,0.958,18.0,0b00010010,0b0,Continuous
JERC,31.19484,-84.46861,2022-01-01,h10v05,2113.0,1858.0,0.8189,16.0,0b00010000,0b0,Continuous
JERC,31.19484,-84.46861,2023-01-01,h10v05,2113.0,1858.0,0.9482,11.0,0b00001011,0b0,Continuous
JORN,32.59068,-106.84254,2003-01-01,h08v05,1778.0,2395.0,0.0904,17.0,0b00010001,0b0,Continuous
JORN,32.59068,-106.84254,2004-01-01,h08v05,1778.0,2395.0,0.1028,5.0,0b00000101,0b0,Continuous
JORN,32.59068,-106.84254,2005-01-01,h08v05,1778.0,2395.0,0.1215,5.0,0b00000101,0b0,Continuous
JORN,32.59068,-106.84254,2006-01-01,h08v05,1778.0,2395.0,0.1553,7.0,0b00000111,0b0,Continuous
JORN,32.59068,-106.84254,2007-01-01,h08v05,1778.0,2395.0,0.1475,3.0,0b00000011,0b0,Continuous
JORN,32.59068,-106.84254,2008-01-01,h08v05,1778.0,2395.0,0.151,9.0,0b00001001,0b0,Continuous
JORN,32.59068,-106.84254,2009-01-01,h08v05,1778.0,2395.0,0.1069,11.0,0b00001011,0b0,Continuous
JORN,32.59068,-106.84254,2010-01-01,h08v05,1778.0,2395.0,0.1336,9.0,0b00001001,0b0,Continuous
JORN,32.59068,-106.84254,2011-01-01,h08v05,1778.0,2395.0,0.0811,6.0,0b00000110,0b0,Continuous
JORN,32.59068,-106.84254,2012-01-01,h08v05,1778.0,2395.0,0.0876,14.0,0b00001110,0b0,Continuous
JORN,32.59068,-106.84254,2013-01-01,h08v05,1778.0,2395.0,0.1463,11.0,0b00001011,0b0,Continuous
JORN,32.59068,-106.84254,2014-01-01,h08v05,1778.0,2395.0,0.1488,2.0,0b00000010,0b0,Continuous
JORN,32.59068,-106.84254,2015-01-01,h08v05,1778.0,2395.0,0.1023,22.0,0b00010110,0b0,Continuous
JORN,32.59068,-106.84254,2016-01-01,h08v05,1778.0,2395.0,0.136,7.0,0b00000111,0b0,Continuous
JORN,32.59068,-106.84254,2017-01-01,h08v05,1778.0,2395.0,0.1347,17.0,0b00010001,0b0,Continuous
JORN,32.59068,-106.84254,2018-01-01,h08v05,1778.0,2395.0,0.0838,15.0,0b00001111,0b0,Continuous
JORN,32.59068,-106.84254,2019-01-01,h08v05,1778.0,2395.0,0.1092,16.0,0b00010000,0b0,Continuous
JORN,32.59068,-106.84254,2020-01-01,h08v05,1778.0,2395.0,0.0844,7.0,0b00000111,0b0,Continuous
JORN,32.59068,-106.84254,2021-01-01,h08v05,1778.0,2395.0,0.1332,7.0,0b00000111,0b0,Continuous
JORN,32.59068,-106.84254,2022-01-01,h08v05,1778.0,2395.0,0.1074,17.0,0b00010001,0b0,Continuous
JORN,32.59068,-106.84254,2023-01-01,h08v05,1778.0,2395.0,0.0756,17.0,0b00010001,0b0,Continuous
KONA,39.11044,-96.61295,2003-01-01,h10v05,213.0,1208.0,0.427,14.0,0b00001110,0b0,Continuous
KONA,39.11044,-96.61295,2004-01-01,h10v05,213.0,1208.0,0.518,12.0,0b00001100,0b0,Continuous
KONA,39.11044,-96.61295,2005-01-01,h10v05,213.0,1208.0,0.4567,23.0,0b00010111,0b0,Continuous
KONA,39.11044,-96.61295,2006-01-01,h10v05,213.0,1208.0,0.3877,19.0,0b00010011,0b0,Continuous
KONA,39.11044,-96.61295,2007-01-01,h10v05,213.0,1208.0,0.559,33.0,0b00100001,0b0,Continuous
KONA,39.11044,-96.61295,2008-01-01,h10v05,213.0,1208.0,0.5,28.0,0b00011100,0b0,Continuous
KONA,39.11044,-96.61295,2009-01-01,h10v05,213.0,1208.0,0.4509,26.0,0b00011010,0b0,Continuous
KONA,39.11044,-96.61295,2010-01-01,h10v05,213.0,1208.0,0.4902,27.0,0b00011011,0b0,Continuous
KONA,39.11044,-96.61295,2011-01-01,h10v05,213.0,1208.0,0.1632,29.0,0b00011101,0b0,Continuous
KONA,39.11044,-96.61295,2012-01-01,h10v05,213.0,1208.0,0.2934,19.0,0b00010011,0b0,Continuous
KONA,39.11044,-96.61295,2013-01-01,h10v05,213.0,1208.0,0.3872,31.0,0b00011111,0b0,Continuous
KONA,39.11044,-96.61295,2014-01-01,h10v05,213.0,1208.0,0.4003,28.0,0b00011100,0b0,Continuous
KONA,39.11044,-96.61295,2015-01-01,h10v05,213.0,1208.0,0.4139,22.0,0b00010110,0b0,Continuous
KONA,39.11044,-96.61295,2016-01-01,h10v05,213.0,1208.0,0.4516,21.0,0b00010101,0b0,Continuous
KONA,39.11044,-96.61295,2017-01-01,h10v05,213.0,1208.0,0.479,23.0,0b00010111,0b0,Continuous
KONA,39.11044,-96.61295,2018-01-01,h10v05,213.0,1208.0,0.2674,19.0,0b00010011,0b0,Continuous
KONA,39.11044,-96.61295,2020-01-01,h10v05,213.0,1208.0,0.4792,19.0,0b00010011,0b0,Continuous
KONA,39.11044,-96.61295,2021-01-01,h10v05,213.0,1208.0,0.4554,27.0,0b00011011,0b0,Continuous
KONA,39.11044,-96.61295,2022-01-01,h10v05,213.0,1208.0,0.3544,34.0,0b00100010,0b0,Continuous
KONA,39.11044,-96.61295,2023-01-01,h10v05,213.0,1208.0,0.3159,30.0,0b00011110,0b0,Continuous
KONZ,39.10077,-96.56309,2003-01-01,h10v05,215.0,1215.0,0.3705,15.0,0b00001111,0b0,Continuous
KONZ,39.10077,-96.56309,2004-01-01,h10v05,215.0,1215.0,0.5375,19.0,0b00010011,0b0,Continuous
KONZ,39.10077,-96.56309,2005-01-01,h10v05,215.0,1215.0,0.4041,19.0,0b00010011,0b0,Continuous
KONZ,39.10077,-96.56309,2006-01-01,h10v05,215.0,1215.0,0.357,13.0,0b00001101,0b0,Continuous
KONZ,39.10077,-96.56309,2007-01-01,h10v05,215.0,1215.0,0.5006,34.0,0b00100010,0b0,Continuous
KONZ,39.10077,-96.56309,2008-01-01,h10v05,215.0,1215.0,0.487,24.0,0b00011000,0b0,Continuous
KONZ,39.10077,-96.56309,2009-01-01,h10v05,215.0,1215.0,0.4096,19.0,0b00010011,0b0,Continuous
KONZ,39.10077,-96.56309,2010-01-01,h10v05,215.0,1215.0,0.4146,21.0,0b00010101,0b0,Continuous
KONZ,39.10077,-96.56309,2011-01-01,h10v05,215.0,1215.0,0.1961,18.0,0b00010010,0b0,Continuous
KONZ,39.10077,-96.56309,2012-01-01,h10v05,215.0,1215.0,0.312,17.0,0b00010001,0b0,Continuous
KONZ,39.10077,-96.56309,2013-01-01,h10v05,215.0,1215.0,0.3854,22.0,0b00010110,0b0,Continuous
KONZ,39.10077,-96.56309,2014-01-01,h10v05,215.0,1215.0,0.4087,28.0,0b00011100,0b0,Continuous
KONZ,39.10077,-96.56309,2015-01-01,h10v05,215.0,1215.0,0.3925,16.0,0b00010000,0b0,Continuous
KONZ,39.10077,-96.56309,2016-01-01,h10v05,215.0,1215.0,0.4659,28.0,0b00011100,0b0,Continuous
KONZ,39.10077,-96.56309,2017-01-01,h10v05,215.0,1215.0,0.4459,10.0,0b00001010,0b0,Continuous
KONZ,39.10077,-96.56309,2018-01-01,h10v05,215.0,1215.0,0.271,16.0,0b00010000,0b0,Continuous
KONZ,39.10077,-96.56309,2020-01-01,h10v05,215.0,1215.0,0.4487,17.0,0b00010001,0b0,Continuous
KONZ,39.10077,-96.56309,2021-01-01,h10v05,215.0,1215.0,0.4568,18.0,0b00010010,0b0,Continuous
KONZ,39.10077,-96.56309,2022-01-01,h10v05,215.0,1215.0,0.3254,23.0,0b00010111,0b0,Continuous
KONZ,39.10077,-96.56309,2023-01-01,h10v05,215.0,1215.0,0.312,15.0,0b00001111,0b0,Continuous
LAJA,18.02125,-67.0769,2003-01-01,h11v07,474.0,1491.0,0.9939,25.0,0b00011001,0b0,Continuous
LAJA,18.02125,-67.0769,2004-01-01,h11v07,474.0,1491.0,1.1388999,20.0,0b00010100,0b0,Continuous
LAJA,18.02125,-67.0769,2005-01-01,h11v07,474.0,1491.0,0.9276,22.0,0b00010110,0b0,Continuous
LAJA,18.02125,-67.0769,2006-01-01,h11v07,474.0,1491.0,1.0796,20.0,0b00010100,0b0,Continuous
LAJA,18.02125,-67.0769,2007-01-01,h11v07,474.0,1491.0,0.9505,14.0,0b00001110,0b0,Continuous
LAJA,18.02125,-67.0769,2008-01-01,h11v07,474.0,1491.0,0.9681,22.0,0b00010110,0b0,Continuous
LAJA,18.02125,-67.0769,2009-01-01,h11v07,474.0,1491.0,1.0477999,20.0,0b00010100,0b0,Continuous
LAJA,18.02125,-67.0769,2010-01-01,h11v07,474.0,1491.0,0.989,25.0,0b00011001,0b0,Continuous
LAJA,18.02125,-67.0769,2011-01-01,h11v07,474.0,1491.0,0.9364,18.0,0b00010010,0b0,Continuous
LAJA,18.02125,-67.0769,2012-01-01,h11v07,474.0,1491.0,0.9895,20.0,0b00010100,0b0,Continuous
LAJA,18.02125,-67.0769,2013-01-01,h11v07,474.0,1491.0,0.95,27.0,0b00011011,0b0,Continuous
LAJA,18.02125,-67.0769,2014-01-01,h11v07,474.0,1491.0,0.9466,25.0,0b00011001,0b0,Continuous
LAJA,18.02125,-67.0769,2015-01-01,h11v07,474.0,1491.0,0.9347,18.0,0b00010010,0b0,Continuous
LAJA,18.02125,-67.0769,2016-01-01,h11v07,474.0,1491.0,0.9375,31.0,0b00011111,0b0,Continuous
LAJA,18.02125,-67.0769,2017-01-01,h11v07,474.0,1491.0,0.9974,18.0,0b00010010,0b0,Continuous
LAJA,18.02125,-67.0769,2018-01-01,h11v07,474.0,1491.0,0.9641,17.0,0b00010001,0b0,Continuous
LAJA,18.02125,-67.0769,2019-01-01,h11v07,474.0,1491.0,0.9732,22.0,0b00010110,0b0,Continuous
LAJA,18.02125,-67.0769,2020-01-01,h11v07,474.0,1491.0,1.0418,16.0,0b00010000,0b0,Continuous
LAJA,18.02125,-67.0769,2021-01-01,h11v07,474.0,1491.0,1.0181999,16.0,0b00010000,0b0,Continuous
LAJA,18.02125,-67.0769,2022-01-01,h11v07,474.0,1491.0,1.0577999,20.0,0b00010100,0b0,Continuous
LAJA,18.02125,-67.0769,2023-01-01,h11v07,474.0,1491.0,0.9878,18.0,0b00010010,0b0,Continuous
LENO,31.85388,-88.16122,2003-01-01,h10v05,1955.0,1227.0,0.6764,17.0,0b00010001,0b0,Continuous
LENO,31.85388,-88.16122,2004-01-01,h10v05,1955.0,1227.0,0.5787,14.0,0b00001110,0b0,Continuous
LENO,31.85388,-88.16122,2005-01-01,h10v05,1955.0,1227.0,0.6388,16.0,0b00010000,0b0,Continuous
LENO,31.85388,-88.16122,2006-01-01,h10v05,1955.0,1227.0,0.2821,20.0,0b00010100,0b0,Continuous
LENO,31.85388,-88.16122,2007-01-01,h10v05,1955.0,1227.0,0.3123,22.0,0b00010110,0b0,Continuous
LENO,31.85388,-88.16122,2008-01-01,h10v05,1955.0,1227.0,0.4962,16.0,0b00010000,0b0,Continuous
LENO,31.85388,-88.16122,2009-01-01,h10v05,1955.0,1227.0,0.538,14.0,0b00001110,0b0,Continuous
LENO,31.85388,-88.16122,2010-01-01,h10v05,1955.0,1227.0,0.4305,7.0,0b00000111,0b0,Continuous
LENO,31.85388,-88.16122,2011-01-01,h10v05,1955.0,1227.0,0.3738,17.0,0b00010001,0b0,Continuous
LENO,31.85388,-88.16122,2012-01-01,h10v05,1955.0,1227.0,0.4709,14.0,0b00001110,0b0,Continuous
LENO,31.85388,-88.16122,2013-01-01,h10v05,1955.0,1227.0,0.6511,28.0,0b00011100,0b0,Continuous
LENO,31.85388,-88.16122,2014-01-01,h10v05,1955.0,1227.0,0.5078,26.0,0b00011010,0b0,Continuous
LENO,31.85388,-88.16122,2015-01-01,h10v05,1955.0,1227.0,0.387,20.0,0b00010100,0b0,Continuous
LENO,31.85388,-88.16122,2016-01-01,h10v05,1955.0,1227.0,0.2972,22.0,0b00010110,0b0,Continuous
LENO,31.85388,-88.16122,2017-01-01,h10v05,1955.0,1227.0,0.6434,20.0,0b00010100,0b0,Continuous
LENO,31.85388,-88.16122,2018-01-01,h10v05,1955.0,1227.0,0.5623,24.0,0b00011000,0b0,Continuous
LENO,31.85388,-88.16122,2020-01-01,h10v05,1955.0,1227.0,0.588,27.0,0b00011011,0b0,Continuous
LENO,31.85388,-88.16122,2021-01-01,h10v05,1955.0,1227.0,0.6706,22.0,0b00010110,0b0,Continuous
LENO,31.85388,-88.16122,2022-01-01,h10v05,1955.0,1227.0,0.5983,16.0,0b00010000,0b0,Continuous
LENO,31.85388,-88.16122,2023-01-01,h10v05,1955.0,1227.0,0.5244,25.0,0b00011001,0b0,Continuous
MLBS,37.37828,-80.52484,2003-01-01,h11v05,629.0,1442.0,1.0151,38.0,0b00100110,0b0,Continuous
MLBS,37.37828,-80.52484,2004-01-01,h11v05,629.0,1442.0,0.8965,41.0,0b00101001,0b0,Continuous
MLBS,37.37828,-80.52484,2005-01-01,h11v05,629.0,1442.0,0.7615,41.0,0b00101001,0b0,Continuous
MLBS,37.37828,-80.52484,2006-01-01,h11v05,629.0,1442.0,0.8288,39.0,0b00100111,0b0,Continuous
MLBS,37.37828,-80.52484,2007-01-01,h11v05,629.0,1442.0,0.6525,28.0,0b00011100,0b0,Continuous
MLBS,37.37828,-80.52484,2008-01-01,h11v05,629.0,1442.0,0.8077,25.0,0b00011001,0b0,Continuous
MLBS,37.37828,-80.52484,2009-01-01,h11v05,629.0,1442.0,0.9432999,35.0,0b00100011,0b0,Continuous
MLBS,37.37828,-80.52484,2010-01-01,h11v05,629.0,1442.0,0.7738,43.0,0b00101011,0b0,Continuous
MLBS,37.37828,-80.52484,2011-01-01,h11v05,629.0,1442.0,0.7703,38.0,0b00100110,0b0,Continuous
MLBS,37.37828,-80.52484,2012-01-01,h11v05,629.0,1442.0,0.8209,37.0,0b00100101,0b0,Continuous
MLBS,37.37828,-80.52484,2013-01-01,h11v05,629.0,1442.0,0.9699,49.0,0b00110001,0b0,Continuous
MLBS,37.37828,-80.52484,2014-01-01,h11v05,629.0,1442.0,0.8781,32.0,0b00100000,0b0,Continuous
MLBS,37.37828,-80.52484,2015-01-01,h11v05,629.0,1442.0,0.8259,50.0,0b00110010,0b0,Continuous
MLBS,37.37828,-80.52484,2016-01-01,h11v05,629.0,1442.0,0.8174,33.0,0b00100001,0b0,Continuous
MLBS,37.37828,-80.52484,2017-01-01,h11v05,629.0,1442.0,0.9173,32.0,0b00100000,0b0,Continuous
MLBS,37.37828,-80.52484,2018-01-01,h11v05,629.0,1442.0,0.8391,24.0,0b00011000,0b0,Continuous
MLBS,37.37828,-80.52484,2019-01-01,h11v05,629.0,1442.0,0.7945,21.0,0b00010101,0b0,Continuous
MLBS,37.37828,-80.52484,2020-01-01,h11v05,629.0,1442.0,1.0285,32.0,0b00100000,0b0,Continuous
MLBS,37.37828,-80.52484,2021-01-01,h11v05,629.0,1442.0,0.7601,34.0,0b00100010,0b0,Continuous
MLBS,37.37828,-80.52484,2022-01-01,h11v05,629.0,1442.0,0.926,34.0,0b00100010,0b0,Continuous
MLBS,37.37828,-80.52484,2023-01-01,h11v05,629.0,1442.0,0.948,24.0,0b00011000,0b0,Continuous
MOAB,38.24833,-109.38827,2003-01-01,h09v05,420.0,982.0,0.1319,17.0,0b00010001,0b0,Continuous
MOAB,38.24833,-109.38827,2004-01-01,h09v05,420.0,982.0,0.1577,25.0,0b00011001,0b0,Continuous
MOAB,38.24833,-109.38827,2005-01-01,h09v05,420.0,982.0,0.1791,9.0,0b00001001,0b0,Continuous
MOAB,38.24833,-109.38827,2006-01-01,h09v05,420.0,982.0,0.1334,17.0,0b00010001,0b0,Continuous
MOAB,38.24833,-109.38827,2007-01-01,h09v05,420.0,982.0,0.1559,9.0,0b00001001,0b0,Continuous
MOAB,38.24833,-109.38827,2008-01-01,h09v05,420.0,982.0,0.126,17.0,0b00010001,0b0,Continuous
MOAB,38.24833,-109.38827,2009-01-01,h09v05,420.0,982.0,0.1454,16.0,0b00010000,0b0,Continuous
MOAB,38.24833,-109.38827,2010-01-01,h09v05,420.0,982.0,0.1395,26.0,0b00011010,0b0,Continuous
MOAB,38.24833,-109.38827,2011-01-01,h09v05,420.0,982.0,0.146,14.0,0b00001110,0b0,Continuous
MOAB,38.24833,-109.38827,2012-01-01,h09v05,420.0,982.0,0.151,6.0,0b00000110,0b0,Continuous
MOAB,38.24833,-109.38827,2013-01-01,h09v05,420.0,982.0,0.1732,20.0,0b00010100,0b0,Continuous
MOAB,38.24833,-109.38827,2014-01-01,h09v05,420.0,982.0,0.1506,17.0,0b00010001,0b0,Continuous
MOAB,38.24833,-109.38827,2015-01-01,h09v05,420.0,982.0,0.1801,15.0,0b00001111,0b0,Continuous
MOAB,38.24833,-109.38827,2016-01-01,h09v05,420.0,982.0,0.1831,22.0,0b00010110,0b0,Continuous
MOAB,38.24833,-109.38827,2017-01-01,h09v05,420.0,982.0,0.1362,13.0,0b00001101,0b0,Continuous
MOAB,38.24833,-109.38827,2018-01-01,h09v05,420.0,982.0,0.118,18.0,0b00010010,0b0,Continuous
MOAB,38.24833,-109.38827,2019-01-01,h09v05,420.0,982.0,0.1758,20.0,0b00010100,0b0,Continuous
MOAB,38.24833,-109.38827,2020-01-01,h09v05,420.0,982.0,0.124,17.0,0b00010001,0b0,Continuous
MOAB,38.24833,-109.38827,2021-01-01,h09v05,420.0,982.0,0.1511,6.0,0b00000110,0b0,Continuous
MOAB,38.24833,-109.38827,2022-01-01,h09v05,420.0,982.0,0.1413,10.0,0b00001010,0b0,Continuous
MOAB,38.24833,-109.38827,2023-01-01,h09v05,420.0,982.0,0.1618,16.0,0b00010000,0b0,Continuous
NIWO,40.05425,-105.58237,2003-01-01,h09v04,2386.0,2204.0,0.2434,53.0,0b00110101,0b0,Continuous
NIWO,40.05425,-105.58237,2004-01-01,h09v04,2386.0,2204.0,0.2324,55.0,0b00110111,0b0,Continuous
NIWO,40.05425,-105.58237,2005-01-01,h09v04,2386.0,2204.0,0.2365,57.0,0b00111001,0b0,Continuous
NIWO,40.05425,-105.58237,2006-01-01,h09v04,2386.0,2204.0,0.2858,55.0,0b00110111,0b0,Continuous
NIWO,40.05425,-105.58237,2007-01-01,h09v04,2386.0,2204.0,0.2786,53.0,0b00110101,0b0,Continuous
NIWO,40.05425,-105.58237,2008-01-01,h09v04,2386.0,2204.0,0.2306,46.0,0b00101110,0b0,Continuous
NIWO,40.05425,-105.58237,2009-01-01,h09v04,2386.0,2204.0,0.2595,60.0,0b00111100,0b0,Continuous
NIWO,40.05425,-105.58237,2010-01-01,h09v04,2386.0,2204.0,0.2584,54.0,0b00110110,0b0,Continuous
NIWO,40.05425,-105.58237,2011-01-01,h09v04,2386.0,2204.0,0.2238,53.0,0b00110101,0b0,Continuous
NIWO,40.05425,-105.58237,2012-01-01,h09v04,2386.0,2204.0,0.2687,42.0,0b00101010,0b0,Continuous
NIWO,40.05425,-105.58237,2013-01-01,h09v04,2386.0,2204.0,0.2627,61.0,0b00111101,0b0,Continuous
NIWO,40.05425,-105.58237,2014-01-01,h09v04,2386.0,2204.0,0.2671,51.0,0b00110011,0b0,Continuous
NIWO,40.05425,-105.58237,2015-01-01,h09v04,2386.0,2204.0,0.2709,50.0,0b00110010,0b0,Continuous
NIWO,40.05425,-105.58237,2016-01-01,h09v04,2386.0,2204.0,0.2685,48.0,0b00110000,0b0,Continuous
NIWO,40.05425,-105.58237,2017-01-01,h09v04,2386.0,2204.0,0.2865,56.0,0b00111000,0b0,Continuous
NIWO,40.05425,-105.58237,2018-01-01,h09v04,2386.0,2204.0,0.2721,50.0,0b00110010,0b0,Continuous
NIWO,40.05425,-105.58237,2019-01-01,h09v04,2386.0,2204.0,0.2402,57.0,0b00111001,0b0,Continuous
NIWO,40.05425,-105.58237,2020-01-01,h09v04,2386.0,2204.0,0.2491,45.0,0b00101101,0b0,Continuous
NIWO,40.05425,-105.58237,2021-01-01,h09v04,2386.0,2204.0,0.2699,53.0,0b00110101,0b0,Continuous
NIWO,40.05425,-105.58237,2022-01-01,h09v04,2386.0,2204.0,0.2839,51.0,0b00110011,0b0,Continuous
NIWO,40.05425,-105.58237,2023-01-01,h09v04,2386.0,2204.0,0.2823,51.0,0b00110011,0b0,Continuous
NOGP,46.76972,-100.91535,2003-01-01,h11v04,775.0,211.0,0.3226,30.0,0b00011110,0b0,Continuous
NOGP,46.76972,-100.91535,2004-01-01,h11v04,775.0,211.0,0.3714,30.0,0b00011110,0b0,Continuous
NOGP,46.76972,-100.91535,2005-01-01,h11v04,775.0,211.0,0.4052,9.0,0b00001001,0b0,Continuous
NOGP,46.76972,-100.91535,2006-01-01,h11v04,775.0,211.0,0.2655,31.0,0b00011111,0b0,Continuous
NOGP,46.76972,-100.91535,2007-01-01,h11v04,775.0,211.0,0.4119,23.0,0b00010111,0b0,Continuous
NOGP,46.76972,-100.91535,2008-01-01,h11v04,775.0,211.0,0.3481,19.0,0b00010011,0b0,Continuous
NOGP,46.76972,-100.91535,2009-01-01,h11v04,775.0,211.0,0.4462,28.0,0b00011100,0b0,Continuous
NOGP,46.76972,-100.91535,2010-01-01,h11v04,775.0,211.0,0.4756,19.0,0b00010011,0b0,Continuous
NOGP,46.76972,-100.91535,2011-01-01,h11v04,775.0,211.0,0.4812,26.0,0b00011010,0b0,Continuous
NOGP,46.76972,-100.91535,2012-01-01,h11v04,775.0,211.0,0.3541,15.0,0b00001111,0b0,Continuous
NOGP,46.76972,-100.91535,2013-01-01,h11v04,775.0,211.0,0.4367,21.0,0b00010101,0b0,Continuous
NOGP,46.76972,-100.91535,2014-01-01,h11v04,775.0,211.0,0.4504,22.0,0b00010110,0b0,Continuous
NOGP,46.76972,-100.91535,2015-01-01,h11v04,775.0,211.0,0.4129,17.0,0b00010001,0b0,Continuous
NOGP,46.76972,-100.91535,2016-01-01,h11v04,775.0,211.0,0.4571,25.0,0b00011001,0b0,Continuous
NOGP,46.76972,-100.91535,2017-01-01,h11v04,775.0,211.0,0.3979,26.0,0b00011010,0b0,Continuous
NOGP,46.76972,-100.91535,2018-01-01,h11v04,775.0,211.0,0.3406,31.0,0b00011111,0b0,Continuous
NOGP,46.76972,-100.91535,2019-01-01,h11v04,775.0,211.0,0.4096,16.0,0b00010000,0b0,Continuous
NOGP,46.76972,-100.91535,2020-01-01,h11v04,775.0,211.0,0.3832,31.0,0b00011111,0b0,Continuous
NOGP,46.76972,-100.91535,2021-01-01,h11v04,775.0,211.0,0.267,8.0,0b00001000,0b0,Continuous
NOGP,46.76972,-100.91535,2022-01-01,h11v04,775.0,211.0,0.4157,24.0,0b00011000,0b0,Continuous
NOGP,46.76972,-100.91535,2023-01-01,h11v04,775.0,211.0,0.4333,33.0,0b00100001,0b0,Continuous
OAES,35.41059,-99.05879,2003-01-01,h09v05,1101.0,2223.0,0.2933,11.0,0b00001011,0b0,Continuous
OAES,35.41059,-99.05879,2004-01-01,h09v05,1101.0,2223.0,0.3318,20.0,0b00010100,0b0,Continuous
OAES,35.41059,-99.05879,2005-01-01,h09v05,1101.0,2223.0,0.3168,11.0,0b00001011,0b0,Continuous
OAES,35.41059,-99.05879,2006-01-01,h09v05,1101.0,2223.0,0.207,9.0,0b00001001,0b0,Continuous
OAES,35.41059,-99.05879,2007-01-01,h09v05,1101.0,2223.0,0.4314,22.0,0b00010110,0b0,Continuous
OAES,35.41059,-99.05879,2008-01-01,h09v05,1101.0,2223.0,0.277,13.0,0b00001101,0b0,Continuous
OAES,35.41059,-99.05879,2009-01-01,h09v05,1101.0,2223.0,0.2854,13.0,0b00001101,0b0,Continuous
OAES,35.41059,-99.05879,2010-01-01,h09v05,1101.0,2223.0,0.289,11.0,0b00001011,0b0,Continuous
OAES,35.41059,-99.05879,2011-01-01,h09v05,1101.0,2223.0,0.0925,10.0,0b00001010,0b0,Continuous
OAES,35.41059,-99.05879,2012-01-01,h09v05,1101.0,2223.0,0.2922,14.0,0b00001110,0b0,Continuous
OAES,35.41059,-99.05879,2013-01-01,h09v05,1101.0,2223.0,0.2514,11.0,0b00001011,0b0,Continuous
OAES,35.41059,-99.05879,2014-01-01,h09v05,1101.0,2223.0,0.2566,18.0,0b00010010,0b0,Continuous
OAES,35.41059,-99.05879,2015-01-01,h09v05,1101.0,2223.0,0.3675,12.0,0b00001100,0b0,Continuous
OAES,35.41059,-99.05879,2016-01-01,h09v05,1101.0,2223.0,0.3919,16.0,0b00010000,0b0,Continuous
OAES,35.41059,-99.05879,2017-01-01,h09v05,1101.0,2223.0,0.3875,8.0,0b00001000,0b0,Continuous
OAES,35.41059,-99.05879,2018-01-01,h09v05,1101.0,2223.0,0.2431,18.0,0b00010010,0b0,Continuous
OAES,35.41059,-99.05879,2019-01-01,h09v05,1101.0,2223.0,0.3717,6.0,0b00000110,0b0,Continuous
OAES,35.41059,-99.05879,2020-01-01,h09v05,1101.0,2223.0,0.3025,3.0,0b00000011,0b0,Continuous
OAES,35.41059,-99.05879,2021-01-01,h09v05,1101.0,2223.0,0.3977,17.0,0b00010001,0b0,Continuous
OAES,35.41059,-99.05879,2022-01-01,h09v05,1101.0,2223.0,0.2035,13.0,0b00001101,0b0,Continuous
OAES,35.41059,-99.05879,2023-01-01,h09v05,1101.0,2223.0,0.2886,9.0,0b00001001,0b0,Continuous
ONAQ,40.17759,-112.45244,2003-01-01,h09v04,2357.0,979.0,0.1086,39.0,0b00100111,0b0,Continuous
ONAQ,40.17759,-112.45244,2004-01-01,h09v04,2357.0,979.0,0.1571,29.0,0b00011101,0b0,Continuous
ONAQ,40.17759,-112.45244,2005-01-01,h09v04,2357.0,979.0,0.2314,23.0,0b00010111,0b0,Continuous
ONAQ,40.17759,-112.45244,2006-01-01,h09v04,2357.0,979.0,0.1485,12.0,0b00001100,0b0,Continuous
ONAQ,40.17759,-112.45244,2007-01-01,h09v04,2357.0,979.0,0.1219,25.0,0b00011001,0b0,Continuous
ONAQ,40.17759,-112.45244,2008-01-01,h09v04,2357.0,979.0,0.1073,34.0,0b00100010,0b0,Continuous
ONAQ,40.17759,-112.45244,2009-01-01,h09v04,2357.0,979.0,0.1375,26.0,0b00011010,0b0,Continuous
ONAQ,40.17759,-112.45244,2010-01-01,h09v04,2357.0,979.0,0.1298,32.0,0b00100000,0b0,Continuous
ONAQ,40.17759,-112.45244,2011-01-01,h09v04,2357.0,979.0,0.2093,34.0,0b00100010,0b0,Continuous
ONAQ,40.17759,-112.45244,2012-01-01,h09v04,2357.0,979.0,0.1101,30.0,0b00011110,0b0,Continuous
ONAQ,40.17759,-112.45244,2013-01-01,h09v04,2357.0,979.0,0.1663,21.0,0b00010101,0b0,Continuous
ONAQ,40.17759,-112.45244,2014-01-01,h09v04,2357.0,979.0,0.2014,20.0,0b00010100,0b0,Continuous
ONAQ,40.17759,-112.45244,2015-01-01,h09v04,2357.0,979.0,0.1802,23.0,0b00010111,0b0,Continuous
ONAQ,40.17759,-112.45244,2016-01-01,h09v04,2357.0,979.0,0.1938,20.0,0b00010100,0b0,Continuous
ONAQ,40.17759,-112.45244,2017-01-01,h09v04,2357.0,979.0,0.1818,25.0,0b00011001,0b0,Continuous
ONAQ,40.17759,-112.45244,2018-01-01,h09v04,2357.0,979.0,0.1365,21.0,0b00010101,0b0,Continuous
ONAQ,40.17759,-112.45244,2019-01-01,h09v04,2357.0,979.0,0.203,21.0,0b00010101,0b0,Continuous
ONAQ,40.17759,-112.45244,2020-01-01,h09v04,2357.0,979.0,0.1218,29.0,0b00011101,0b0,Continuous
ONAQ,40.17759,-112.45244,2021-01-01,h09v04,2357.0,979.0,0.1389,22.0,0b00010110,0b0,Continuous
ONAQ,40.17759,-112.45244,2022-01-01,h09v04,2357.0,979.0,0.1853,32.0,0b00100000,0b0,Continuous
ONAQ,40.17759,-112.45244,2023-01-01,h09v04,2357.0,979.0,0.1795,29.0,0b00011101,0b0,Continuous
ORNL,35.96412,-84.2826,2003-01-01,h11v05,968.0,427.0,0.9508,23.0,0b00010111,0b0,Continuous
ORNL,35.96412,-84.2826,2004-01-01,h11v05,968.0,427.0,0.9249,34.0,0b00100010,0b0,Continuous
ORNL,35.96412,-84.2826,2005-01-01,h11v05,968.0,427.0,0.682,14.0,0b00001110,0b0,Continuous
ORNL,35.96412,-84.2826,2006-01-01,h11v05,968.0,427.0,0.6444,18.0,0b00010010,0b0,Continuous
ORNL,35.96412,-84.2826,2007-01-01,h11v05,968.0,427.0,0.2746,7.0,0b00000111,0b0,Continuous
ORNL,35.96412,-84.2826,2008-01-01,h11v05,968.0,427.0,0.6536,20.0,0b00010100,0b0,Continuous
ORNL,35.96412,-84.2826,2009-01-01,h11v05,968.0,427.0,0.8011,22.0,0b00010110,0b0,Continuous
ORNL,35.96412,-84.2826,2010-01-01,h11v05,968.0,427.0,0.5654,20.0,0b00010100,0b0,Continuous
ORNL,35.96412,-84.2826,2011-01-01,h11v05,968.0,427.0,0.6181,19.0,0b00010011,0b0,Continuous
ORNL,35.96412,-84.2826,2012-01-01,h11v05,968.0,427.0,0.651,7.0,0b00000111,0b0,Continuous
ORNL,35.96412,-84.2826,2013-01-01,h11v05,968.0,427.0,1.0446,23.0,0b00010111,0b0,Continuous
ORNL,35.96412,-84.2826,2014-01-01,h11v05,968.0,427.0,0.8342,18.0,0b00010010,0b0,Continuous
ORNL,35.96412,-84.2826,2015-01-01,h11v05,968.0,427.0,0.8348,17.0,0b00010001,0b0,Continuous
ORNL,35.96412,-84.2826,2016-01-01,h11v05,968.0,427.0,0.6262,18.0,0b00010010,0b0,Continuous
ORNL,35.96412,-84.2826,2017-01-01,h11v05,968.0,427.0,0.8014,22.0,0b00010110,0b0,Continuous
ORNL,35.96412,-84.2826,2018-01-01,h11v05,968.0,427.0,0.7808,23.0,0b00010111,0b0,Continuous
ORNL,35.96412,-84.2826,2019-01-01,h11v05,968.0,427.0,0.8453,13.0,0b00001101,0b0,Continuous
ORNL,35.96412,-84.2826,2020-01-01,h11v05,968.0,427.0,0.9073,33.0,0b00100001,0b0,Continuous
ORNL,35.96412,-84.2826,2021-01-01,h11v05,968.0,427.0,1.0405999,26.0,0b00011010,0b0,Continuous
ORNL,35.96412,-84.2826,2022-01-01,h11v05,968.0,427.0,0.8853,19.0,0b00010011,0b0,Continuous
ORNL,35.96412,-84.2826,2023-01-01,h11v05,968.0,427.0,1.0418999,20.0,0b00010100,0b0,Continuous
OSBS,29.68927,-81.99343,2003-01-01,h10v06,74.0,2104.0,0.7841,25.0,0b00011001,0b0,Continuous
OSBS,29.68927,-81.99343,2004-01-01,h10v06,74.0,2104.0,0.7575,9.0,0b00001001,0b0,Continuous
OSBS,29.68927,-81.99343,2005-01-01,h10v06,74.0,2104.0,0.8525,11.0,0b00001011,0b0,Continuous
OSBS,29.68927,-81.99343,2006-01-01,h10v06,74.0,2104.0,0.7628,9.0,0b00001001,0b0,Continuous
OSBS,29.68927,-81.99343,2007-01-01,h10v06,74.0,2104.0,0.7601,9.0,0b00001001,0b0,Continuous
OSBS,29.68927,-81.99343,2008-01-01,h10v06,74.0,2104.0,0.8748,16.0,0b00010000,0b0,Continuous
OSBS,29.68927,-81.99343,2009-01-01,h10v06,74.0,2104.0,0.7298,16.0,0b00010000,0b0,Continuous
OSBS,29.68927,-81.99343,2010-01-01,h10v06,74.0,2104.0,0.7458,7.0,0b00000111,0b0,Continuous
OSBS,29.68927,-81.99343,2011-01-01,h10v06,74.0,2104.0,0.7147,3.0,0b00000011,0b0,Continuous
OSBS,29.68927,-81.99343,2012-01-01,h10v06,74.0,2104.0,0.8432,16.0,0b00010000,0b0,Continuous
OSBS,29.68927,-81.99343,2013-01-01,h10v06,74.0,2104.0,0.8599,18.0,0b00010010,0b0,Continuous
OSBS,29.68927,-81.99343,2014-01-01,h10v06,74.0,2104.0,0.7764,11.0,0b00001011,0b0,Continuous
OSBS,29.68927,-81.99343,2015-01-01,h10v06,74.0,2104.0,0.7772,9.0,0b00001001,0b0,Continuous
OSBS,29.68927,-81.99343,2016-01-01,h10v06,74.0,2104.0,0.8117,14.0,0b00001110,0b0,Continuous
OSBS,29.68927,-81.99343,2017-01-01,h10v06,74.0,2104.0,0.8482,9.0,0b00001001,0b0,Continuous
OSBS,29.68927,-81.99343,2018-01-01,h10v06,74.0,2104.0,0.8042,7.0,0b00000111,0b0,Continuous
OSBS,29.68927,-81.99343,2019-01-01,h10v06,74.0,2104.0,0.8176,5.0,0b00000101,0b0,Continuous
OSBS,29.68927,-81.99343,2020-01-01,h10v06,74.0,2104.0,0.763,5.0,0b00000101,0b0,Continuous
OSBS,29.68927,-81.99343,2021-01-01,h10v06,74.0,2104.0,0.885,11.0,0b00001011,0b0,Continuous
OSBS,29.68927,-81.99343,2022-01-01,h10v06,74.0,2104.0,0.9001,18.0,0b00010010,0b0,Continuous
OSBS,29.68927,-81.99343,2023-01-01,h10v06,74.0,2104.0,0.9231,3.0,0b00000011,0b0,Continuous
PUUM,19.55309,-155.31731,2003-01-01,h03v07,107.0,873.0,2.2096,17.0,0b00010001,0b0,Continuous
PUUM,19.55309,-155.31731,2004-01-01,h03v07,107.0,873.0,2.122,14.0,0b00001110,0b0,Continuous
PUUM,19.55309,-155.31731,2005-01-01,h03v07,107.0,873.0,2.1052001,18.0,0b00010010,0b0,Continuous
PUUM,19.55309,-155.31731,2006-01-01,h03v07,107.0,873.0,2.1271999,36.0,0b00100100,0b0,Continuous
PUUM,19.55309,-155.31731,2007-01-01,h03v07,107.0,873.0,2.0334001,30.0,0b00011110,0b0,Continuous
PUUM,19.55309,-155.31731,2008-01-01,h03v07,107.0,873.0,2.1283,26.0,0b00011010,0b0,Continuous
PUUM,19.55309,-155.31731,2009-01-01,h03v07,107.0,873.0,1.7889999,25.0,0b00011001,0b0,Continuous
PUUM,19.55309,-155.31731,2010-01-01,h03v07,107.0,873.0,0.8689,11.0,0b00001011,0b0,Continuous
PUUM,19.55309,-155.31731,2011-01-01,h03v07,107.0,873.0,0.7718,22.0,0b00010110,0b0,Continuous
PUUM,19.55309,-155.31731,2012-01-01,h03v07,107.0,873.0,0.8898,22.0,0b00010110,0b0,Continuous
PUUM,19.55309,-155.31731,2013-01-01,h03v07,107.0,873.0,0.8544,22.0,0b00010110,0b0,Continuous
PUUM,19.55309,-155.31731,2014-01-01,h03v07,107.0,873.0,0.8028,16.0,0b00010000,0b0,Continuous
PUUM,19.55309,-155.31731,2015-01-01,h03v07,107.0,873.0,0.8085,29.0,0b00011101,0b0,Continuous
PUUM,19.55309,-155.31731,2016-01-01,h03v07,107.0,873.0,0.8142,29.0,0b00011101,0b0,Continuous
PUUM,19.55309,-155.31731,2017-01-01,h03v07,107.0,873.0,0.9389,11.0,0b00001011,0b0,Continuous
PUUM,19.55309,-155.31731,2018-01-01,h03v07,107.0,873.0,0.7557,29.0,0b00011101,0b0,Continuous
PUUM,19.55309,-155.31731,2019-01-01,h03v07,107.0,873.0,0.8407,18.0,0b00010010,0b0,Continuous
PUUM,19.55309,-155.31731,2020-01-01,h03v07,107.0,873.0,0.8872,11.0,0b00001011,0b0,Continuous
PUUM,19.55309,-155.31731,2021-01-01,h03v07,107.0,873.0,0.771,27.0,0b00011011,0b0,Continuous
PUUM,19.55309,-155.31731,2022-01-01,h03v07,107.0,873.0,0.8628,18.0,0b00010010,0b0,Continuous
PUUM,19.55309,-155.31731,2023-01-01,h03v07,107.0,873.0,0.9423,20.0,0b00010100,0b0,Continuous
RMNP,40.27591,-105.54592,2003-01-01,h09v04,2333.0,2273.0,0.5209,17.0,0b00010001,0b0,Continuous
RMNP,40.27591,-105.54592,2004-01-01,h09v04,2333.0,2273.0,0.5731,19.0,0b00010011,0b0,Continuous
RMNP,40.27591,-105.54592,2005-01-01,h09v04,2333.0,2273.0,0.5705,16.0,0b00010000,0b0,Continuous
RMNP,40.27591,-105.54592,2006-01-01,h09v04,2333.0,2273.0,0.5525,20.0,0b00010100,0b0,Continuous
RMNP,40.27591,-105.54592,2007-01-01,h09v04,2333.0,2273.0,0.5873,25.0,0b00011001,0b0,Continuous
RMNP,40.27591,-105.54592,2008-01-01,h09v04,2333.0,2273.0,0.5053,12.0,0b00001100,0b0,Continuous
RMNP,40.27591,-105.54592,2009-01-01,h09v04,2333.0,2273.0,0.531,14.0,0b00001110,0b0,Continuous
RMNP,40.27591,-105.54592,2010-01-01,h09v04,2333.0,2273.0,0.5347,22.0,0b00010110,0b0,Continuous
RMNP,40.27591,-105.54592,2011-01-01,h09v04,2333.0,2273.0,0.4729,32.0,0b00100000,0b0,Continuous
RMNP,40.27591,-105.54592,2012-01-01,h09v04,2333.0,2273.0,0.5463,12.0,0b00001100,0b0,Continuous
RMNP,40.27591,-105.54592,2013-01-01,h09v04,2333.0,2273.0,0.4851,18.0,0b00010010,0b0,Continuous
RMNP,40.27591,-105.54592,2014-01-01,h09v04,2333.0,2273.0,0.5574,15.0,0b00001111,0b0,Continuous
RMNP,40.27591,-105.54592,2015-01-01,h09v04,2333.0,2273.0,0.5902,28.0,0b00011100,0b0,Continuous
RMNP,40.27591,-105.54592,2016-01-01,h09v04,2333.0,2273.0,0.5732,23.0,0b00010111,0b0,Continuous
RMNP,40.27591,-105.54592,2017-01-01,h09v04,2333.0,2273.0,0.6001,23.0,0b00010111,0b0,Continuous
RMNP,40.27591,-105.54592,2018-01-01,h09v04,2333.0,2273.0,0.5584,19.0,0b00010011,0b0,Continuous
RMNP,40.27591,-105.54592,2019-01-01,h09v04,2333.0,2273.0,0.559,28.0,0b00011100,0b0,Continuous
RMNP,40.27591,-105.54592,2020-01-01,h09v04,2333.0,2273.0,0.5262,19.0,0b00010011,0b0,Continuous
RMNP,40.27591,-105.54592,2021-01-01,h09v04,2333.0,2273.0,0.5736,25.0,0b00011001,0b0,Continuous
RMNP,40.27591,-105.54592,2022-01-01,h09v04,2333.0,2273.0,0.5343,34.0,0b00100010,0b0,Continuous
RMNP,40.27591,-105.54592,2023-01-01,h09v04,2333.0,2273.0,0.5659,16.0,0b00010000,0b0,Continuous
SCBI,38.89292,-78.1395,2003-01-01,h11v05,265.0,2203.0,0.9177999,42.0,0b00101010,0b0,Continuous
SCBI,38.89292,-78.1395,2004-01-01,h11v05,265.0,2203.0,0.7685,31.0,0b00011111,0b0,Continuous
SCBI,38.89292,-78.1395,2005-01-01,h11v05,265.0,2203.0,0.6426,30.0,0b00011110,0b0,Continuous
SCBI,38.89292,-78.1395,2006-01-01,h11v05,265.0,2203.0,0.7539,34.0,0b00100010,0b0,Continuous
SCBI,38.89292,-78.1395,2007-01-01,h11v05,265.0,2203.0,0.5464,32.0,0b00100000,0b0,Continuous
SCBI,38.89292,-78.1395,2008-01-01,h11v05,265.0,2203.0,0.731,24.0,0b00011000,0b0,Continuous
SCBI,38.89292,-78.1395,2009-01-01,h11v05,265.0,2203.0,0.7837,37.0,0b00100101,0b0,Continuous
SCBI,38.89292,-78.1395,2010-01-01,h11v05,265.0,2203.0,0.5876,40.0,0b00101000,0b0,Continuous
SCBI,38.89292,-78.1395,2011-01-01,h11v05,265.0,2203.0,0.5477,40.0,0b00101000,0b0,Continuous
SCBI,38.89292,-78.1395,2012-01-01,h11v05,265.0,2203.0,0.5717,21.0,0b00010101,0b0,Continuous
SCBI,38.89292,-78.1395,2013-01-01,h11v05,265.0,2203.0,0.7676,32.0,0b00100000,0b0,Continuous
SCBI,38.89292,-78.1395,2014-01-01,h11v05,265.0,2203.0,0.7498,39.0,0b00100111,0b0,Continuous
SCBI,38.89292,-78.1395,2015-01-01,h11v05,265.0,2203.0,0.712,35.0,0b00100011,0b0,Continuous
SCBI,38.89292,-78.1395,2016-01-01,h11v05,265.0,2203.0,0.6534,35.0,0b00100011,0b0,Continuous
SCBI,38.89292,-78.1395,2017-01-01,h11v05,265.0,2203.0,0.8004,43.0,0b00101011,0b0,Continuous
SCBI,38.89292,-78.1395,2018-01-01,h11v05,265.0,2203.0,0.8169,16.0,0b00010000,0b0,Continuous
SCBI,38.89292,-78.1395,2019-01-01,h11v05,265.0,2203.0,0.729,23.0,0b00010111,0b0,Continuous
SCBI,38.89292,-78.1395,2020-01-01,h11v05,265.0,2203.0,0.8222,26.0,0b00011010,0b0,Continuous
SCBI,38.89292,-78.1395,2021-01-01,h11v05,265.0,2203.0,0.7775,32.0,0b00100000,0b0,Continuous
SCBI,38.89292,-78.1395,2022-01-01,h11v05,265.0,2203.0,0.8179,34.0,0b00100010,0b0,Continuous
SCBI,38.89292,-78.1395,2023-01-01,h11v05,265.0,2203.0,0.7946,29.0,0b00011101,0b0,Continuous
SERC,38.89008,-76.56001,2003-01-01,h12v05,266.0,98.0,0.9899999,23.0,0b00010111,0b0,Continuous
SERC,38.89008,-76.56001,2004-01-01,h12v05,266.0,98.0,0.9762,21.0,0b00010101,0b0,Continuous
SERC,38.89008,-76.56001,2005-01-01,h12v05,266.0,98.0,0.7772,30.0,0b00011110,0b0,Continuous
SERC,38.89008,-76.56001,2006-01-01,h12v05,266.0,98.0,0.9436,16.0,0b00010000,0b0,Continuous
SERC,38.89008,-76.56001,2007-01-01,h12v05,266.0,98.0,0.741,12.0,0b00001100,0b0,Continuous
SERC,38.89008,-76.56001,2008-01-01,h12v05,266.0,98.0,0.8398,11.0,0b00001011,0b0,Continuous
SERC,38.89008,-76.56001,2009-01-01,h12v05,266.0,98.0,0.9166,25.0,0b00011001,0b0,Continuous
SERC,38.89008,-76.56001,2010-01-01,h12v05,266.0,98.0,0.7366,17.0,0b00010001,0b0,Continuous
SERC,38.89008,-76.56001,2011-01-01,h12v05,266.0,98.0,0.7383,23.0,0b00010111,0b0,Continuous
SERC,38.89008,-76.56001,2012-01-01,h12v05,266.0,98.0,0.7413,14.0,0b00001110,0b0,Continuous
SERC,38.89008,-76.56001,2013-01-01,h12v05,266.0,98.0,0.927,24.0,0b00011000,0b0,Continuous
SERC,38.89008,-76.56001,2014-01-01,h12v05,266.0,98.0,0.8537,25.0,0b00011001,0b0,Continuous
SERC,38.89008,-76.56001,2015-01-01,h12v05,266.0,98.0,0.7534,17.0,0b00010001,0b0,Continuous
SERC,38.89008,-76.56001,2016-01-01,h12v05,266.0,98.0,0.872,18.0,0b00010010,0b0,Continuous
SERC,38.89008,-76.56001,2017-01-01,h12v05,266.0,98.0,0.9574,25.0,0b00011001,0b0,Continuous
SERC,38.89008,-76.56001,2018-01-01,h12v05,266.0,98.0,0.9132,16.0,0b00010000,0b0,Continuous
SERC,38.89008,-76.56001,2019-01-01,h12v05,266.0,98.0,0.8367,7.0,0b00000111,0b0,Continuous
SERC,38.89008,-76.56001,2020-01-01,h12v05,266.0,98.0,0.9598,17.0,0b00010001,0b0,Continuous
SERC,38.89008,-76.56001,2021-01-01,h12v05,266.0,98.0,1.0239999,22.0,0b00010110,0b0,Continuous
SERC,38.89008,-76.56001,2022-01-01,h12v05,266.0,98.0,1.0087,18.0,0b00010010,0b0,Continuous
SERC,38.89008,-76.56001,2023-01-01,h12v05,266.0,98.0,1.1337,16.0,0b00010000,0b0,Continuous
SJER,37.10878,-119.73228,2003-01-01,h08v05,693.0,1083.0,0.567,16.0,0b00010000,0b0,Continuous
SJER,37.10878,-119.73228,2004-01-01,h08v05,693.0,1083.0,0.5745,4.0,0b00000100,0b0,Continuous
SJER,37.10878,-119.73228,2005-01-01,h08v05,693.0,1083.0,0.659,13.0,0b00001101,0b0,Continuous
SJER,37.10878,-119.73228,2006-01-01,h08v05,693.0,1083.0,0.5374,18.0,0b00010010,0b0,Continuous
SJER,37.10878,-119.73228,2007-01-01,h08v05,693.0,1083.0,0.5176,11.0,0b00001011,0b0,Continuous
SJER,37.10878,-119.73228,2008-01-01,h08v05,693.0,1083.0,0.5104,11.0,0b00001011,0b0,Continuous
SJER,37.10878,-119.73228,2009-01-01,h08v05,693.0,1083.0,0.5822,5.0,0b00000101,0b0,Continuous
SJER,37.10878,-119.73228,2010-01-01,h08v05,693.0,1083.0,0.6433,11.0,0b00001011,0b0,Continuous
SJER,37.10878,-119.73228,2011-01-01,h08v05,693.0,1083.0,0.6644,11.0,0b00001011,0b0,Continuous
SJER,37.10878,-119.73228,2012-01-01,h08v05,693.0,1083.0,0.4843,20.0,0b00010100,0b0,Continuous
SJER,37.10878,-119.73228,2013-01-01,h08v05,693.0,1083.0,0.4895,26.0,0b00011010,0b0,Continuous
SJER,37.10878,-119.73228,2014-01-01,h08v05,693.0,1083.0,0.4478,16.0,0b00010000,0b0,Continuous
SJER,37.10878,-119.73228,2015-01-01,h08v05,693.0,1083.0,0.5407,5.0,0b00000101,0b0,Continuous
SJER,37.10878,-119.73228,2016-01-01,h08v05,693.0,1083.0,0.5513,14.0,0b00001110,0b0,Continuous
SJER,37.10878,-119.73228,2017-01-01,h08v05,693.0,1083.0,0.5147,22.0,0b00010110,0b0,Continuous
SJER,37.10878,-119.73228,2018-01-01,h08v05,693.0,1083.0,0.4434,14.0,0b00001110,0b0,Continuous
SJER,37.10878,-119.73228,2019-01-01,h08v05,693.0,1083.0,0.5379,18.0,0b00010010,0b0,Continuous
SJER,37.10878,-119.73228,2020-01-01,h08v05,693.0,1083.0,0.4772,15.0,0b00001111,0b0,Continuous
SJER,37.10878,-119.73228,2021-01-01,h08v05,693.0,1083.0,0.5062,9.0,0b00001001,0b0,Continuous
SJER,37.10878,-119.73228,2022-01-01,h08v05,693.0,1083.0,0.4827,18.0,0b00010010,0b0,Continuous
SJER,37.10878,-119.73228,2023-01-01,h08v05,693.0,1083.0,0.5971,25.0,0b00011001,0b0,Continuous
SOAP,37.03337,-119.26219,2003-01-01,h08v05,711.0,1150.0,0.3698,14.0,0b00001110,0b0,Continuous
SOAP,37.03337,-119.26219,2004-01-01,h08v05,711.0,1150.0,0.4572,7.0,0b00000111,0b0,Continuous
SOAP,37.03337,-119.26219,2005-01-01,h08v05,711.0,1150.0,0.5665,11.0,0b00001011,0b0,Continuous
SOAP,37.03337,-119.26219,2006-01-01,h08v05,711.0,1150.0,0.4064,7.0,0b00000111,0b0,Continuous
SOAP,37.03337,-119.26219,2007-01-01,h08v05,711.0,1150.0,0.4097,5.0,0b00000101,0b0,Continuous
SOAP,37.03337,-119.26219,2008-01-01,h08v05,711.0,1150.0,0.3134,4.0,0b00000100,0b0,Continuous
SOAP,37.03337,-119.26219,2009-01-01,h08v05,711.0,1150.0,0.4578,9.0,0b00001001,0b0,Continuous
SOAP,37.03337,-119.26219,2010-01-01,h08v05,711.0,1150.0,0.4902,12.0,0b00001100,0b0,Continuous
SOAP,37.03337,-119.26219,2011-01-01,h08v05,711.0,1150.0,0.5009,7.0,0b00000111,0b0,Continuous
SOAP,37.03337,-119.26219,2012-01-01,h08v05,711.0,1150.0,0.386,14.0,0b00001110,0b0,Continuous
SOAP,37.03337,-119.26219,2013-01-01,h08v05,711.0,1150.0,0.4474,3.0,0b00000011,0b0,Continuous
SOAP,37.03337,-119.26219,2014-01-01,h08v05,711.0,1150.0,0.3956,7.0,0b00000111,0b0,Continuous
SOAP,37.03337,-119.26219,2015-01-01,h08v05,711.0,1150.0,0.4591,6.0,0b00000110,0b0,Continuous
SOAP,37.03337,-119.26219,2016-01-01,h08v05,711.0,1150.0,0.4157,20.0,0b00010100,0b0,Continuous
SOAP,37.03337,-119.26219,2017-01-01,h08v05,711.0,1150.0,0.3718,9.0,0b00001001,0b0,Continuous
SOAP,37.03337,-119.26219,2018-01-01,h08v05,711.0,1150.0,0.3887,11.0,0b00001011,0b0,Continuous
SOAP,37.03337,-119.26219,2019-01-01,h08v05,711.0,1150.0,0.4305,13.0,0b00001101,0b0,Continuous
SOAP,37.03337,-119.26219,2020-01-01,h08v05,711.0,1150.0,0.3358,11.0,0b00001011,0b0,Continuous
SOAP,37.03337,-119.26219,2021-01-01,h08v05,711.0,1150.0,0.3542,13.0,0b00001101,0b0,Continuous
SOAP,37.03337,-119.26219,2022-01-01,h08v05,711.0,1150.0,0.4259,14.0,0b00001110,0b0,Continuous
SOAP,37.03337,-119.26219,2023-01-01,h08v05,711.0,1150.0,0.5093,16.0,0b00010000,0b0,Continuous
SRER,31.91068,-110.83549,2003-01-01,h08v05,1941.0,1419.0,0.1122,16.0,0b00010000,0b0,Continuous
SRER,31.91068,-110.83549,2004-01-01,h08v05,1941.0,1419.0,0.1204,11.0,0b00001011,0b0,Continuous
SRER,31.91068,-110.83549,2005-01-01,h08v05,1941.0,1419.0,0.1379,20.0,0b00010100,0b0,Continuous
SRER,31.91068,-110.83549,2006-01-01,h08v05,1941.0,1419.0,0.1359,8.0,0b00001000,0b0,Continuous
SRER,31.91068,-110.83549,2007-01-01,h08v05,1941.0,1419.0,0.1075,7.0,0b00000111,0b0,Continuous
SRER,31.91068,-110.83549,2008-01-01,h08v05,1941.0,1419.0,0.1544,9.0,0b00001001,0b0,Continuous
SRER,31.91068,-110.83549,2009-01-01,h08v05,1941.0,1419.0,0.1113,11.0,0b00001011,0b0,Continuous
SRER,31.91068,-110.83549,2010-01-01,h08v05,1941.0,1419.0,0.1581,8.0,0b00001000,0b0,Continuous
SRER,31.91068,-110.83549,2011-01-01,h08v05,1941.0,1419.0,0.1277,19.0,0b00010011,0b0,Continuous
SRER,31.91068,-110.83549,2012-01-01,h08v05,1941.0,1419.0,0.132,14.0,0b00001110,0b0,Continuous
SRER,31.91068,-110.83549,2013-01-01,h08v05,1941.0,1419.0,0.1293,14.0,0b00001110,0b0,Continuous
SRER,31.91068,-110.83549,2014-01-01,h08v05,1941.0,1419.0,0.1728,17.0,0b00010001,0b0,Continuous
SRER,31.91068,-110.83549,2015-01-01,h08v05,1941.0,1419.0,0.2029,13.0,0b00001101,0b0,Continuous
SRER,31.91068,-110.83549,2016-01-01,h08v05,1941.0,1419.0,0.182,9.0,0b00001001,0b0,Continuous
SRER,31.91068,-110.83549,2017-01-01,h08v05,1941.0,1419.0,0.1301,11.0,0b00001011,0b0,Continuous
SRER,31.91068,-110.83549,2018-01-01,h08v05,1941.0,1419.0,0.1673,20.0,0b00010100,0b0,Continuous
SRER,31.91068,-110.83549,2019-01-01,h08v05,1941.0,1419.0,0.2156,20.0,0b00010100,0b0,Continuous
SRER,31.91068,-110.83549,2020-01-01,h08v05,1941.0,1419.0,0.1358,20.0,0b00010100,0b0,Continuous
SRER,31.91068,-110.83549,2021-01-01,h08v05,1941.0,1419.0,0.1951,13.0,0b00001101,0b0,Continuous
SRER,31.91068,-110.83549,2022-01-01,h08v05,1941.0,1419.0,0.1986,14.0,0b00001110,0b0,Continuous
SRER,31.91068,-110.83549,2023-01-01,h08v05,1941.0,1419.0,0.1106,18.0,0b00010010,0b0,Continuous
STEI,45.50894,-89.58637,2003-01-01,h11v04,1077.0,1732.0,0.7054,26.0,0b00011010,0b0,Continuous
STEI,45.50894,-89.58637,2004-01-01,h11v04,1077.0,1732.0,0.6521,32.0,0b00100000,0b0,Continuous
STEI,45.50894,-89.58637,2005-01-01,h11v04,1077.0,1732.0,0.7,25.0,0b00011001,0b0,Continuous
STEI,45.50894,-89.58637,2006-01-01,h11v04,1077.0,1732.0,0.6667,29.0,0b00011101,0b0,Continuous
STEI,45.50894,-89.58637,2007-01-01,h11v04,1077.0,1732.0,0.7081,27.0,0b00011011,0b0,Continuous
STEI,45.50894,-89.58637,2008-01-01,h11v04,1077.0,1732.0,0.7127,22.0,0b00010110,0b0,Continuous
STEI,45.50894,-89.58637,2009-01-01,h11v04,1077.0,1732.0,0.7058,28.0,0b00011100,0b0,Continuous
STEI,45.50894,-89.58637,2010-01-01,h11v04,1077.0,1732.0,0.7194,16.0,0b00010000,0b0,Continuous
STEI,45.50894,-89.58637,2011-01-01,h11v04,1077.0,1732.0,0.658,27.0,0b00011011,0b0,Continuous
STEI,45.50894,-89.58637,2012-01-01,h11v04,1077.0,1732.0,0.6803,23.0,0b00010111,0b0,Continuous
STEI,45.50894,-89.58637,2013-01-01,h11v04,1077.0,1732.0,0.6589,32.0,0b00100000,0b0,Continuous
STEI,45.50894,-89.58637,2014-01-01,h11v04,1077.0,1732.0,0.6691,38.0,0b00100110,0b0,Continuous
STEI,45.50894,-89.58637,2015-01-01,h11v04,1077.0,1732.0,0.7399,9.0,0b00001001,0b0,Continuous
STEI,45.50894,-89.58637,2016-01-01,h11v04,1077.0,1732.0,0.7676,19.0,0b00010011,0b0,Continuous
STEI,45.50894,-89.58637,2017-01-01,h11v04,1077.0,1732.0,0.7138,15.0,0b00001111,0b0,Continuous
STEI,45.50894,-89.58637,2018-01-01,h11v04,1077.0,1732.0,0.6261,40.0,0b00101000,0b0,Continuous
STEI,45.50894,-89.58637,2019-01-01,h11v04,1077.0,1732.0,0.6119,37.0,0b00100101,0b0,Continuous
STEI,45.50894,-89.58637,2020-01-01,h11v04,1077.0,1732.0,0.6577,27.0,0b00011011,0b0,Continuous
STEI,45.50894,-89.58637,2021-01-01,h11v04,1077.0,1732.0,0.6892,19.0,0b00010011,0b0,Continuous
STEI,45.50894,-89.58637,2022-01-01,h11v04,1077.0,1732.0,0.7018,37.0,0b00100101,0b0,Continuous
STEI,45.50894,-89.58637,2023-01-01,h11v04,1077.0,1732.0,0.6641,37.0,0b00100101,0b0,Continuous
STER,40.4619,-103.0293,2003-01-01,h10v04,2289.0,386.0,0.2859,11.0,0b00001011,0b0,Continuous
STER,40.4619,-103.0293,2004-01-01,h10v04,2289.0,386.0,0.281,12.0,0b00001100,0b0,Continuous
STER,40.4619,-103.0293,2005-01-01,h10v04,2289.0,386.0,0.2589,8.0,0b00001000,0b0,Continuous
STER,40.4619,-103.0293,2006-01-01,h10v04,2289.0,386.0,0.2498,7.0,0b00000111,0b0,Continuous
STER,40.4619,-103.0293,2007-01-01,h10v04,2289.0,386.0,0.2792,16.0,0b00010000,0b0,Continuous
STER,40.4619,-103.0293,2008-01-01,h10v04,2289.0,386.0,0.2789,20.0,0b00010100,0b0,Continuous
STER,40.4619,-103.0293,2009-01-01,h10v04,2289.0,386.0,0.2676,10.0,0b00001010,0b0,Continuous
STER,40.4619,-103.0293,2010-01-01,h10v04,2289.0,386.0,0.303,14.0,0b00001110,0b0,Continuous
STER,40.4619,-103.0293,2011-01-01,h10v04,2289.0,386.0,0.2104,9.0,0b00001001,0b0,Continuous
STER,40.4619,-103.0293,2012-01-01,h10v04,2289.0,386.0,0.2128,4.0,0b00000100,0b0,Continuous
STER,40.4619,-103.0293,2013-01-01,h10v04,2289.0,386.0,0.1881,17.0,0b00010001,0b0,Continuous
STER,40.4619,-103.0293,2014-01-01,h10v04,2289.0,386.0,0.3298,11.0,0b00001011,0b0,Continuous
STER,40.4619,-103.0293,2015-01-01,h10v04,2289.0,386.0,0.2626,18.0,0b00010010,0b0,Continuous
STER,40.4619,-103.0293,2016-01-01,h10v04,2289.0,386.0,0.3126,15.0,0b00001111,0b0,Continuous
STER,40.4619,-103.0293,2017-01-01,h10v04,2289.0,386.0,0.2441,5.0,0b00000101,0b0,Continuous
STER,40.4619,-103.0293,2018-01-01,h10v04,2289.0,386.0,0.3041,9.0,0b00001001,0b0,Continuous
STER,40.4619,-103.0293,2019-01-01,h10v04,2289.0,386.0,0.2768,22.0,0b00010110,0b0,Continuous
STER,40.4619,-103.0293,2020-01-01,h10v04,2289.0,386.0,0.2016,9.0,0b00001001,0b0,Continuous
STER,40.4619,-103.0293,2021-01-01,h10v04,2289.0,386.0,0.2683,10.0,0b00001010,0b0,Continuous
STER,40.4619,-103.0293,2022-01-01,h10v04,2289.0,386.0,0.1953,22.0,0b00010110,0b0,Continuous
STER,40.4619,-103.0293,2023-01-01,h10v04,2289.0,386.0,0.3331,27.0,0b00011011,0b0,Continuous
TALL,32.95046,-87.39327,2003-01-01,h10v05,1691.0,1599.0,0.8063,27.0,0b00011011,0b0,Continuous
TALL,32.95046,-87.39327,2004-01-01,h10v05,1691.0,1599.0,0.7351,35.0,0b00100011,0b0,Continuous
TALL,32.95046,-87.39327,2005-01-01,h10v05,1691.0,1599.0,0.6376,38.0,0b00100110,0b0,Continuous
TALL,32.95046,-87.39327,2006-01-01,h10v05,1691.0,1599.0,0.3255,29.0,0b00011101,0b0,Continuous
TALL,32.95046,-87.39327,2007-01-01,h10v05,1691.0,1599.0,0.2797,27.0,0b00011011,0b0,Continuous
TALL,32.95046,-87.39327,2008-01-01,h10v05,1691.0,1599.0,0.5395,9.0,0b00001001,0b0,Continuous
TALL,32.95046,-87.39327,2009-01-01,h10v05,1691.0,1599.0,0.682,29.0,0b00011101,0b0,Continuous
TALL,32.95046,-87.39327,2010-01-01,h10v05,1691.0,1599.0,0.4657,18.0,0b00010010,0b0,Continuous
TALL,32.95046,-87.39327,2011-01-01,h10v05,1691.0,1599.0,0.2408,20.0,0b00010100,0b0,Continuous
TALL,32.95046,-87.39327,2012-01-01,h10v05,1691.0,1599.0,0.4965,25.0,0b00011001,0b0,Continuous
TALL,32.95046,-87.39327,2013-01-01,h10v05,1691.0,1599.0,0.6699,35.0,0b00100011,0b0,Continuous
TALL,32.95046,-87.39327,2014-01-01,h10v05,1691.0,1599.0,0.6546,20.0,0b00010100,0b0,Continuous
TALL,32.95046,-87.39327,2015-01-01,h10v05,1691.0,1599.0,0.5436,18.0,0b00010010,0b0,Continuous
TALL,32.95046,-87.39327,2016-01-01,h10v05,1691.0,1599.0,0.2818,22.0,0b00010110,0b0,Continuous
TALL,32.95046,-87.39327,2017-01-01,h10v05,1691.0,1599.0,0.6966,18.0,0b00010010,0b0,Continuous
TALL,32.95046,-87.39327,2018-01-01,h10v05,1691.0,1599.0,0.507,31.0,0b00011111,0b0,Continuous
TALL,32.95046,-87.39327,2020-01-01,h10v05,1691.0,1599.0,0.7603,20.0,0b00010100,0b0,Continuous
TALL,32.95046,-87.39327,2021-01-01,h10v05,1691.0,1599.0,0.76,33.0,0b00100001,0b0,Continuous
TALL,32.95046,-87.39327,2022-01-01,h10v05,1691.0,1599.0,0.6323,27.0,0b00011011,0b0,Continuous
TALL,32.95046,-87.39327,2023-01-01,h10v05,1691.0,1599.0,0.6347,20.0,0b00010100,0b0,Continuous
TEAK,37.00583,-119.00602,2003-01-01,h08v05,718.0,1191.0,0.5445,18.0,0b00010010,0b0,Continuous
TEAK,37.00583,-119.00602,2004-01-01,h08v05,718.0,1191.0,0.6025,15.0,0b00001111,0b0,Continuous
TEAK,37.00583,-119.00602,2005-01-01,h08v05,718.0,1191.0,0.5884,20.0,0b00010100,0b0,Continuous
TEAK,37.00583,-119.00602,2006-01-01,h08v05,718.0,1191.0,0.5556,24.0,0b00011000,0b0,Continuous
TEAK,37.00583,-119.00602,2007-01-01,h08v05,718.0,1191.0,0.6259,10.0,0b00001010,0b0,Continuous
TEAK,37.00583,-119.00602,2008-01-01,h08v05,718.0,1191.0,0.5143,11.0,0b00001011,0b0,Continuous
TEAK,37.00583,-119.00602,2009-01-01,h08v05,718.0,1191.0,0.5913,15.0,0b00001111,0b0,Continuous
TEAK,37.00583,-119.00602,2010-01-01,h08v05,718.0,1191.0,0.5365,30.0,0b00011110,0b0,Continuous
TEAK,37.00583,-119.00602,2011-01-01,h08v05,718.0,1191.0,0.5534,27.0,0b00011011,0b0,Continuous
TEAK,37.00583,-119.00602,2012-01-01,h08v05,718.0,1191.0,0.6186,8.0,0b00001000,0b0,Continuous
TEAK,37.00583,-119.00602,2013-01-01,h08v05,718.0,1191.0,0.7253,7.0,0b00000111,0b0,Continuous
TEAK,37.00583,-119.00602,2014-01-01,h08v05,718.0,1191.0,0.7086,9.0,0b00001001,0b0,Continuous
TEAK,37.00583,-119.00602,2015-01-01,h08v05,718.0,1191.0,0.7492,8.0,0b00001000,0b0,Continuous
TEAK,37.00583,-119.00602,2016-01-01,h08v05,718.0,1191.0,0.6054,17.0,0b00010001,0b0,Continuous
TEAK,37.00583,-119.00602,2017-01-01,h08v05,718.0,1191.0,0.5677,12.0,0b00001100,0b0,Continuous
TEAK,37.00583,-119.00602,2018-01-01,h08v05,718.0,1191.0,0.6248,8.0,0b00001000,0b0,Continuous
TEAK,37.00583,-119.00602,2019-01-01,h08v05,718.0,1191.0,0.6087,25.0,0b00011001,0b0,Continuous
TEAK,37.00583,-119.00602,2020-01-01,h08v05,718.0,1191.0,0.5241,16.0,0b00010000,0b0,Continuous
TEAK,37.00583,-119.00602,2021-01-01,h08v05,718.0,1191.0,0.5835,14.0,0b00001110,0b0,Continuous
TEAK,37.00583,-119.00602,2022-01-01,h08v05,718.0,1191.0,0.6066,11.0,0b00001011,0b0,Continuous
TEAK,37.00583,-119.00602,2023-01-01,h08v05,718.0,1191.0,0.5897,33.0,0b00100001,0b0,Continuous
TOOL,68.66109,-149.37047,2003-01-01,h12v02,321.0,1355.0,0.1564,44.0,0b00101100,0b0,Continuous
TOOL,68.66109,-149.37047,2004-01-01,h12v02,321.0,1355.0,0.2373,36.0,0b00100100,0b0,Continuous
TOOL,68.66109,-149.37047,2005-01-01,h12v02,321.0,1355.0,0.2274,20.0,0b00010100,0b0,Continuous
TOOL,68.66109,-149.37047,2006-01-01,h12v02,321.0,1355.0,0.1696,43.0,0b00101011,0b0,Continuous
TOOL,68.66109,-149.37047,2007-01-01,h12v02,321.0,1355.0,0.2738,19.0,0b00010011,0b0,Continuous
TOOL,68.66109,-149.37047,2008-01-01,h12v02,321.0,1355.0,0.1922,37.0,0b00100101,0b0,Continuous
TOOL,68.66109,-149.37047,2009-01-01,h12v02,321.0,1355.0,0.195,55.0,0b00110111,0b0,Continuous
TOOL,68.66109,-149.37047,2010-01-01,h12v02,321.0,1355.0,0.235,31.0,0b00011111,0b0,Continuous
TOOL,68.66109,-149.37047,2011-01-01,h12v02,321.0,1355.0,0.2125,19.0,0b00010011,0b0,Continuous
TOOL,68.66109,-149.37047,2012-01-01,h12v02,321.0,1355.0,0.2133,32.0,0b00100000,0b0,Continuous
TOOL,68.66109,-149.37047,2013-01-01,h12v02,321.0,1355.0,0.1916,36.0,0b00100100,0b0,Continuous
TOOL,68.66109,-149.37047,2014-01-01,h12v02,321.0,1355.0,0.1469,55.0,0b00110111,0b0,Continuous
TOOL,68.66109,-149.37047,2015-01-01,h12v02,321.0,1355.0,0.207,63.0,0b00111111,0b0,Continuous
TOOL,68.66109,-149.37047,2016-01-01,h12v02,321.0,1355.0,0.2001,49.0,0b00110001,0b0,Continuous
TOOL,68.66109,-149.37047,2017-01-01,h12v02,321.0,1355.0,0.2102,55.0,0b00110111,0b0,Continuous
TOOL,68.66109,-149.37047,2018-01-01,h12v02,321.0,1355.0,0.1313,51.0,0b00110011,0b0,Continuous
TOOL,68.66109,-149.37047,2019-01-01,h12v02,321.0,1355.0,0.213,38.0,0b00100110,0b0,Continuous
TOOL,68.66109,-149.37047,2020-01-01,h12v02,321.0,1355.0,0.2052,28.0,0b00011100,0b0,Continuous
TOOL,68.66109,-149.37047,2021-01-01,h12v02,321.0,1355.0,0.1841,29.0,0b00011101,0b0,Continuous
TOOL,68.66109,-149.37047,2022-01-01,h12v02,321.0,1355.0,0.1814,33.0,0b00100001,0b0,Continuous
TOOL,68.66109,-149.37047,2023-01-01,h12v02,321.0,1355.0,0.1869,43.0,0b00101011,0b0,Continuous
TREE,45.49369,-89.58571,2003-01-01,h11v04,1081.0,1728.0,0.6551,30.0,0b00011110,0b0,Continuous
TREE,45.49369,-89.58571,2004-01-01,h11v04,1081.0,1728.0,0.7015,28.0,0b00011100,0b0,Continuous
TREE,45.49369,-89.58571,2005-01-01,h11v04,1081.0,1728.0,0.731,28.0,0b00011100,0b0,Continuous
TREE,45.49369,-89.58571,2006-01-01,h11v04,1081.0,1728.0,0.6628,25.0,0b00011001,0b0,Continuous
TREE,45.49369,-89.58571,2007-01-01,h11v04,1081.0,1728.0,0.7057,15.0,0b00001111,0b0,Continuous
TREE,45.49369,-89.58571,2008-01-01,h11v04,1081.0,1728.0,0.7276,26.0,0b00011010,0b0,Continuous
TREE,45.49369,-89.58571,2009-01-01,h11v04,1081.0,1728.0,0.755,22.0,0b00010110,0b0,Continuous
TREE,45.49369,-89.58571,2010-01-01,h11v04,1081.0,1728.0,0.7527,17.0,0b00010001,0b0,Continuous
TREE,45.49369,-89.58571,2011-01-01,h11v04,1081.0,1728.0,0.6803,33.0,0b00100001,0b0,Continuous
TREE,45.49369,-89.58571,2012-01-01,h11v04,1081.0,1728.0,0.6926,20.0,0b00010100,0b0,Continuous
TREE,45.49369,-89.58571,2013-01-01,h11v04,1081.0,1728.0,0.6664,21.0,0b00010101,0b0,Continuous
TREE,45.49369,-89.58571,2014-01-01,h11v04,1081.0,1728.0,0.6295,39.0,0b00100111,0b0,Continuous
TREE,45.49369,-89.58571,2015-01-01,h11v04,1081.0,1728.0,0.7786,11.0,0b00001011,0b0,Continuous
TREE,45.49369,-89.58571,2016-01-01,h11v04,1081.0,1728.0,0.7782,18.0,0b00010010,0b0,Continuous
TREE,45.49369,-89.58571,2017-01-01,h11v04,1081.0,1728.0,0.7308,11.0,0b00001011,0b0,Continuous
TREE,45.49369,-89.58571,2018-01-01,h11v04,1081.0,1728.0,0.6612,26.0,0b00011010,0b0,Continuous
TREE,45.49369,-89.58571,2019-01-01,h11v04,1081.0,1728.0,0.7016,22.0,0b00010110,0b0,Continuous
TREE,45.49369,-89.58571,2020-01-01,h11v04,1081.0,1728.0,0.6678,21.0,0b00010101,0b0,Continuous
TREE,45.49369,-89.58571,2021-01-01,h11v04,1081.0,1728.0,0.726,21.0,0b00010101,0b0,Continuous
TREE,45.49369,-89.58571,2022-01-01,h11v04,1081.0,1728.0,0.7343,30.0,0b00011110,0b0,Continuous
TREE,45.49369,-89.58571,2023-01-01,h11v04,1081.0,1728.0,0.6838,41.0,0b00101001,0b0,Continuous
UKFS,39.04043,-95.19215,2003-01-01,h10v05,230.0,1455.0,0.4725,13.0,0b00001101,0b0,Continuous
UKFS,39.04043,-95.19215,2004-01-01,h10v05,230.0,1455.0,0.6139,18.0,0b00010010,0b0,Continuous
UKFS,39.04043,-95.19215,2005-01-01,h10v05,230.0,1455.0,0.4312,18.0,0b00010010,0b0,Continuous
UKFS,39.04043,-95.19215,2006-01-01,h10v05,230.0,1455.0,0.3803,11.0,0b00001011,0b0,Continuous
UKFS,39.04043,-95.19215,2007-01-01,h10v05,230.0,1455.0,0.5009,22.0,0b00010110,0b0,Continuous
UKFS,39.04043,-95.19215,2008-01-01,h10v05,230.0,1455.0,0.6187,14.0,0b00001110,0b0,Continuous
UKFS,39.04043,-95.19215,2009-01-01,h10v05,230.0,1455.0,0.5362,10.0,0b00001010,0b0,Continuous
UKFS,39.04043,-95.19215,2010-01-01,h10v05,230.0,1455.0,0.5049,24.0,0b00011000,0b0,Continuous
UKFS,39.04043,-95.19215,2011-01-01,h10v05,230.0,1455.0,0.2157,19.0,0b00010011,0b0,Continuous
UKFS,39.04043,-95.19215,2012-01-01,h10v05,230.0,1455.0,0.3045,8.0,0b00001000,0b0,Continuous
UKFS,39.04043,-95.19215,2013-01-01,h10v05,230.0,1455.0,0.4742,16.0,0b00010000,0b0,Continuous
UKFS,39.04043,-95.19215,2014-01-01,h10v05,230.0,1455.0,0.417,22.0,0b00010110,0b0,Continuous
UKFS,39.04043,-95.19215,2015-01-01,h10v05,230.0,1455.0,0.5374,17.0,0b00010001,0b0,Continuous
UKFS,39.04043,-95.19215,2016-01-01,h10v05,230.0,1455.0,0.5482,12.0,0b00001100,0b0,Continuous
UKFS,39.04043,-95.19215,2017-01-01,h10v05,230.0,1455.0,0.509,21.0,0b00010101,0b0,Continuous
UKFS,39.04043,-95.19215,2018-01-01,h10v05,230.0,1455.0,0.2074,18.0,0b00010010,0b0,Continuous
UKFS,39.04043,-95.19215,2020-01-01,h10v05,230.0,1455.0,0.5768,12.0,0b00001100,0b0,Continuous
UKFS,39.04043,-95.19215,2021-01-01,h10v05,230.0,1455.0,0.5536,18.0,0b00010010,0b0,Continuous
UKFS,39.04043,-95.19215,2022-01-01,h10v05,230.0,1455.0,0.5043,14.0,0b00001110,0b0,Continuous
UKFS,39.04043,-95.19215,2023-01-01,h10v05,230.0,1455.0,0.4737,19.0,0b00010011,0b0,Continuous
UNDE,46.23388,-89.53725,2003-01-01,h11v04,903.0,1935.0,0.6779,38.0,0b00100110,0b0,Continuous
UNDE,46.23388,-89.53725,2004-01-01,h11v04,903.0,1935.0,0.7088,31.0,0b00011111,0b0,Continuous
UNDE,46.23388,-89.53725,2005-01-01,h11v04,903.0,1935.0,0.6894,25.0,0b00011001,0b0,Continuous
UNDE,46.23388,-89.53725,2006-01-01,h11v04,903.0,1935.0,0.6633,26.0,0b00011010,0b0,Continuous
UNDE,46.23388,-89.53725,2007-01-01,h11v04,903.0,1935.0,0.701,26.0,0b00011010,0b0,Continuous
UNDE,46.23388,-89.53725,2008-01-01,h11v04,903.0,1935.0,0.7249,30.0,0b00011110,0b0,Continuous
UNDE,46.23388,-89.53725,2009-01-01,h11v04,903.0,1935.0,0.7031,33.0,0b00100001,0b0,Continuous
UNDE,46.23388,-89.53725,2010-01-01,h11v04,903.0,1935.0,0.7159,15.0,0b00001111,0b0,Continuous
UNDE,46.23388,-89.53725,2011-01-01,h11v04,903.0,1935.0,0.6833,36.0,0b00100100,0b0,Continuous
UNDE,46.23388,-89.53725,2012-01-01,h11v04,903.0,1935.0,0.6819,21.0,0b00010101,0b0,Continuous
UNDE,46.23388,-89.53725,2013-01-01,h11v04,903.0,1935.0,0.619,43.0,0b00101011,0b0,Continuous
UNDE,46.23388,-89.53725,2014-01-01,h11v04,903.0,1935.0,0.664,36.0,0b00100100,0b0,Continuous
UNDE,46.23388,-89.53725,2015-01-01,h11v04,903.0,1935.0,0.722,21.0,0b00010101,0b0,Continuous
UNDE,46.23388,-89.53725,2016-01-01,h11v04,903.0,1935.0,0.7491,21.0,0b00010101,0b0,Continuous
UNDE,46.23388,-89.53725,2017-01-01,h11v04,903.0,1935.0,0.7287,25.0,0b00011001,0b0,Continuous
UNDE,46.23388,-89.53725,2018-01-01,h11v04,903.0,1935.0,0.6748,43.0,0b00101011,0b0,Continuous
UNDE,46.23388,-89.53725,2019-01-01,h11v04,903.0,1935.0,0.7055,31.0,0b00011111,0b0,Continuous
UNDE,46.23388,-89.53725,2020-01-01,h11v04,903.0,1935.0,0.6867,38.0,0b00100110,0b0,Continuous
UNDE,46.23388,-89.53725,2021-01-01,h11v04,903.0,1935.0,0.7158,30.0,0b00011110,0b0,Continuous
UNDE,46.23388,-89.53725,2022-01-01,h11v04,903.0,1935.0,0.7179,35.0,0b00100011,0b0,Continuous
UNDE,46.23388,-89.53725,2023-01-01,h11v04,903.0,1935.0,0.6841,52.0,0b00110100,0b0,Continuous
WOOD,47.12823,-99.24136,2003-01-01,h11v04,689.0,595.0,0.4286,17.0,0b00010001,0b0,Continuous
WOOD,47.12823,-99.24136,2004-01-01,h11v04,689.0,595.0,0.4718,21.0,0b00010101,0b0,Continuous
WOOD,47.12823,-99.24136,2005-01-01,h11v04,689.0,595.0,0.5297,24.0,0b00011000,0b0,Continuous
WOOD,47.12823,-99.24136,2006-01-01,h11v04,689.0,595.0,0.4124,32.0,0b00100000,0b0,Continuous
WOOD,47.12823,-99.24136,2007-01-01,h11v04,689.0,595.0,0.4686,27.0,0b00011011,0b0,Continuous
WOOD,47.12823,-99.24136,2008-01-01,h11v04,689.0,595.0,0.3722,23.0,0b00010111,0b0,Continuous
WOOD,47.12823,-99.24136,2009-01-01,h11v04,689.0,595.0,0.4725,35.0,0b00100011,0b0,Continuous
WOOD,47.12823,-99.24136,2010-01-01,h11v04,689.0,595.0,0.4994,19.0,0b00010011,0b0,Continuous
WOOD,47.12823,-99.24136,2011-01-01,h11v04,689.0,595.0,0.5073,25.0,0b00011001,0b0,Continuous
WOOD,47.12823,-99.24136,2012-01-01,h11v04,689.0,595.0,0.4514,18.0,0b00010010,0b0,Continuous
WOOD,47.12823,-99.24136,2013-01-01,h11v04,689.0,595.0,0.4472,22.0,0b00010110,0b0,Continuous
WOOD,47.12823,-99.24136,2014-01-01,h11v04,689.0,595.0,0.4808,22.0,0b00010110,0b0,Continuous
WOOD,47.12823,-99.24136,2015-01-01,h11v04,689.0,595.0,0.4331,26.0,0b00011010,0b0,Continuous
WOOD,47.12823,-99.24136,2016-01-01,h11v04,689.0,595.0,0.5306,13.0,0b00001101,0b0,Continuous
WOOD,47.12823,-99.24136,2017-01-01,h11v04,689.0,595.0,0.4582,29.0,0b00011101,0b0,Continuous
WOOD,47.12823,-99.24136,2018-01-01,h11v04,689.0,595.0,0.4061,30.0,0b00011110,0b0,Continuous
WOOD,47.12823,-99.24136,2019-01-01,h11v04,689.0,595.0,0.4847,28.0,0b00011100,0b0,Continuous
WOOD,47.12823,-99.24136,2020-01-01,h11v04,689.0,595.0,0.4942,26.0,0b00011010,0b0,Continuous
WOOD,47.12823,-99.24136,2021-01-01,h11v04,689.0,595.0,0.3201,17.0,0b00010001,0b0,Continuous
WOOD,47.12823,-99.24136,2022-01-01,h11v04,689.0,595.0,0.506,29.0,0b00011101,0b0,Continuous
WOOD,47.12823,-99.24136,2023-01-01,h11v04,689.0,595.0,0.4794,30.0,0b00011110,0b0,Continuous
WREF,45.82049,-121.95191,2003-01-01,h09v04,1003.0,1202.0,0.73,34.0,0b00100010,0b0,Continuous
WREF,45.82049,-121.95191,2004-01-01,h09v04,1003.0,1202.0,0.8679,32.0,0b00100000,0b0,Continuous
WREF,45.82049,-121.95191,2005-01-01,h09v04,1003.0,1202.0,0.8623,41.0,0b00101001,0b0,Continuous
WREF,45.82049,-121.95191,2006-01-01,h09v04,1003.0,1202.0,0.7741,44.0,0b00101100,0b0,Continuous
WREF,45.82049,-121.95191,2007-01-01,h09v04,1003.0,1202.0,0.8027,26.0,0b00011010,0b0,Continuous
WREF,45.82049,-121.95191,2008-01-01,h09v04,1003.0,1202.0,0.6938,33.0,0b00100001,0b0,Continuous
WREF,45.82049,-121.95191,2009-01-01,h09v04,1003.0,1202.0,0.7024,35.0,0b00100011,0b0,Continuous
WREF,45.82049,-121.95191,2010-01-01,h09v04,1003.0,1202.0,0.7948,42.0,0b00101010,0b0,Continuous
WREF,45.82049,-121.95191,2011-01-01,h09v04,1003.0,1202.0,0.7366,48.0,0b00110000,0b0,Continuous
WREF,45.82049,-121.95191,2012-01-01,h09v04,1003.0,1202.0,0.7744,37.0,0b00100101,0b0,Continuous
WREF,45.82049,-121.95191,2013-01-01,h09v04,1003.0,1202.0,0.8839,28.0,0b00011100,0b0,Continuous
WREF,45.82049,-121.95191,2014-01-01,h09v04,1003.0,1202.0,0.8904,39.0,0b00100111,0b0,Continuous
WREF,45.82049,-121.95191,2015-01-01,h09v04,1003.0,1202.0,0.8384,28.0,0b00011100,0b0,Continuous
WREF,45.82049,-121.95191,2016-01-01,h09v04,1003.0,1202.0,0.8527,51.0,0b00110011,0b0,Continuous
WREF,45.82049,-121.95191,2017-01-01,h09v04,1003.0,1202.0,0.7358,40.0,0b00101000,0b0,Continuous
WREF,45.82049,-121.95191,2018-01-01,h09v04,1003.0,1202.0,0.7763,37.0,0b00100101,0b0,Continuous
WREF,45.82049,-121.95191,2019-01-01,h09v04,1003.0,1202.0,0.8628,27.0,0b00011011,0b0,Continuous
WREF,45.82049,-121.95191,2020-01-01,h09v04,1003.0,1202.0,0.8217,28.0,0b00011100,0b0,Continuous
WREF,45.82049,-121.95191,2021-01-01,h09v04,1003.0,1202.0,0.7577,36.0,0b00100100,0b0,Continuous
WREF,45.82049,-121.95191,2022-01-01,h09v04,1003.0,1202.0,0.7126,40.0,0b00101000,0b0,Continuous
WREF,45.82049,-121.95191,2023-01-01,h09v04,1003.0,1202.0,0.7269,49.0,0b00110001,0b0,Continuous
YELL,44.95348,-110.53914,2003-01-01,h10v04,1211.0,425.0,0.2994,16.0,0b00010000,0b0,Continuous
YELL,44.95348,-110.53914,2004-01-01,h10v04,1211.0,425.0,0.3044,26.0,0b00011010,0b0,Continuous
YELL,44.95348,-110.53914,2005-01-01,h10v04,1211.0,425.0,0.3266,24.0,0b00011000,0b0,Continuous
YELL,44.95348,-110.53914,2006-01-01,h10v04,1211.0,425.0,0.3112,31.0,0b00011111,0b0,Continuous
YELL,44.95348,-110.53914,2007-01-01,h10v04,1211.0,425.0,0.2886,25.0,0b00011001,0b0,Continuous
YELL,44.95348,-110.53914,2008-01-01,h10v04,1211.0,425.0,0.3224,27.0,0b00011011,0b0,Continuous
YELL,44.95348,-110.53914,2009-01-01,h10v04,1211.0,425.0,0.2899,30.0,0b00011110,0b0,Continuous
YELL,44.95348,-110.53914,2010-01-01,h10v04,1211.0,425.0,0.2916,15.0,0b00001111,0b0,Continuous
YELL,44.95348,-110.53914,2011-01-01,h10v04,1211.0,425.0,0.3348,37.0,0b00100101,0b0,Continuous
YELL,44.95348,-110.53914,2012-01-01,h10v04,1211.0,425.0,0.3189,22.0,0b00010110,0b0,Continuous
YELL,44.95348,-110.53914,2013-01-01,h10v04,1211.0,425.0,0.3018,26.0,0b00011010,0b0,Continuous
YELL,44.95348,-110.53914,2014-01-01,h10v04,1211.0,425.0,0.3291,22.0,0b00010110,0b0,Continuous
YELL,44.95348,-110.53914,2015-01-01,h10v04,1211.0,425.0,0.3945,22.0,0b00010110,0b0,Continuous
YELL,44.95348,-110.53914,2016-01-01,h10v04,1211.0,425.0,0.3397,25.0,0b00011001,0b0,Continuous
YELL,44.95348,-110.53914,2017-01-01,h10v04,1211.0,425.0,0.3623,28.0,0b00011100,0b0,Continuous
YELL,44.95348,-110.53914,2018-01-01,h10v04,1211.0,425.0,0.375,23.0,0b00010111,0b0,Continuous
YELL,44.95348,-110.53914,2019-01-01,h10v04,1211.0,425.0,0.3205,30.0,0b00011110,0b0,Continuous
YELL,44.95348,-110.53914,2020-01-01,h10v04,1211.0,425.0,0.3385,24.0,0b00011000,0b0,Continuous
YELL,44.95348,-110.53914,2021-01-01,h10v04,1211.0,425.0,0.3143,23.0,0b00010111,0b0,Continuous
YELL,44.95348,-110.53914,2022-01-01,h10v04,1211.0,425.0,0.3693,31.0,0b00011111,0b0,Continuous
YELL,44.95348,-110.53914,2023-01-01,h10v04,1211.0,425.0,0.3741,14.0,0b00001110,0b0,Continuous
